-- phpMyAdmin SQL Dump
-- version 4.6.6deb5
-- https://www.phpmyadmin.net/
--
-- Client :  localhost:3306
-- Généré le :  Jeu 21 Novembre 2019 à 00:10
-- Version du serveur :  5.7.28-0ubuntu0.18.04.4
-- Version de PHP :  7.2.24-0ubuntu0.18.04.1

SET SQL_MODE = "NO_AUTO_VALUE_ON_ZERO";
SET time_zone = "+00:00";


/*!40101 SET @OLD_CHARACTER_SET_CLIENT=@@CHARACTER_SET_CLIENT */;
/*!40101 SET @OLD_CHARACTER_SET_RESULTS=@@CHARACTER_SET_RESULTS */;
/*!40101 SET @OLD_COLLATION_CONNECTION=@@COLLATION_CONNECTION */;
/*!40101 SET NAMES utf8mb4 */;

--
-- Base de données :  `football_french_championship`
--

-- --------------------------------------------------------

--
-- Structure de la table `coachs`
--

CREATE TABLE `coachs` (
  `id` int(11) NOT NULL,
  `name` varchar(100) COLLATE utf8_unicode_ci NOT NULL,
  `birthday_date` date DEFAULT NULL,
  `birthday_place` varchar(100) COLLATE utf8_unicode_ci DEFAULT NULL,
  `nationality` varchar(100) COLLATE utf8_unicode_ci DEFAULT NULL
) ENGINE=InnoDB DEFAULT CHARSET=utf8 COLLATE=utf8_unicode_ci;

--
-- Contenu de la table `coachs`
--

INSERT INTO `coachs` (`id`, `name`, `birthday_date`, `birthday_place`, `nationality`) VALUES
(1, 'Thomas Tuchel', '1973-01-29', 'Krumbach', ' Allemagne'),
(2, 'André Villas-Boas', '1977-10-17', 'Porto', ' Portugal'),
(3, 'Stéphane Moulin', '1967-01-04', 'Paris', ' France'),
(4, 'Claude Puel', '1961-01-02', 'Castres', ' France'),
(5, 'Christophe Galtier', '1966-01-28', 'Marseille', ' France'),
(6, 'Michel Der Zakarian', '1963-01-18', 'Erevan (Arménie)', ' France'),
(7, 'Paulo Sousa', '1970-01-30', NULL, ' Portugal'),
(8, 'David Guion', '1967-01-30', 'Le Mans', ' France'),
(9, 'Christian Gourcuff', '1955-04-05', 'Hanvec', ' France'),
(10, 'Julien Stéphan', '1980-01-18', 'Rennes', ' France'),
(11, 'Leonardo Jardim', '1974-01-01', 'Barcelona (VEN)', ' Portugal'),
(12, 'Olivier Dall\'Oglio', '1964-05-16', 'Alès', ' France'),
(13, 'Patrick Vieira', '1976-06-23', 'Dakar (SEN)', ' France'),
(14, 'Rudi Garcia', '1964-01-20', 'Nemours', ' France'),
(15, 'Luka Elsner', '1982-01-02', 'Ljubljana', ' Slovénie'),
(16, 'Thierry Laurey', '1964-01-14', 'Troyes', ' France'),
(17, 'Vincent Hognon', '1974-01-16', 'Nancy', ' France'),
(18, 'Stéphane Jobard', '1971-01-22', 'Langres', ' France'),
(19, 'Antoine Kombouaré', '1963-01-16', 'Nouméa', NULL),
(20, 'Bernard Blaquart', '1957-01-16', 'Roumazières', ' France');

-- --------------------------------------------------------

--
-- Structure de la table `coachs_has_teams`
--

CREATE TABLE `coachs_has_teams` (
  `id_coach` int(11) NOT NULL,
  `id_team` int(11) NOT NULL,
  `start_date` date DEFAULT NULL,
  `end_date` date DEFAULT NULL
) ENGINE=InnoDB DEFAULT CHARSET=utf8 COLLATE=utf8_unicode_ci;

--
-- Contenu de la table `coachs_has_teams`
--

INSERT INTO `coachs_has_teams` (`id_coach`, `id_team`, `start_date`, `end_date`) VALUES
(1, 1, NULL, NULL),
(2, 2, NULL, NULL),
(3, 3, NULL, NULL),
(4, 4, NULL, NULL),
(5, 5, NULL, NULL),
(6, 6, NULL, NULL),
(7, 7, NULL, NULL),
(8, 8, NULL, NULL),
(9, 9, NULL, NULL),
(10, 10, NULL, NULL),
(11, 11, NULL, NULL),
(12, 12, NULL, NULL),
(13, 13, NULL, NULL),
(14, 14, NULL, NULL),
(15, 15, NULL, NULL),
(16, 16, NULL, NULL),
(17, 17, NULL, NULL),
(18, 18, NULL, NULL),
(19, 19, NULL, NULL),
(20, 20, NULL, NULL);

-- --------------------------------------------------------

--
-- Structure de la table `matchs`
--

CREATE TABLE `matchs` (
  `id` int(11) NOT NULL,
  `id_team_home` int(11) NOT NULL,
  `id_team_away` int(11) NOT NULL,
  `score_home` tinyint(4) DEFAULT NULL,
  `score_away` tinyint(4) DEFAULT NULL,
  `referee` varchar(100) COLLATE utf8_unicode_ci DEFAULT NULL,
  `id_stadium` int(11) NOT NULL,
  `id_season` int(11) NOT NULL
) ENGINE=InnoDB DEFAULT CHARSET=utf8 COLLATE=utf8_unicode_ci;

-- --------------------------------------------------------

--
-- Structure de la table `players`
--

CREATE TABLE `players` (
  `id` int(11) NOT NULL,
  `name` varchar(100) COLLATE utf8_unicode_ci NOT NULL,
  `short_name` varchar(50) COLLATE utf8_unicode_ci NOT NULL,
  `birthday_date` date DEFAULT NULL,
  `birthday_place` varchar(100) COLLATE utf8_unicode_ci DEFAULT NULL,
  `weight` smallint(6) DEFAULT NULL,
  `size` smallint(6) DEFAULT NULL,
  `nationality` varchar(100) COLLATE utf8_unicode_ci DEFAULT NULL,
  `poste` varchar(100) COLLATE utf8_unicode_ci DEFAULT NULL
) ENGINE=InnoDB DEFAULT CHARSET=utf8 COLLATE=utf8_unicode_ci;

--
-- Contenu de la table `players`
--

INSERT INTO `players` (`id`, `name`, `short_name`, `birthday_date`, `birthday_place`, `weight`, `size`, `nationality`, `poste`) VALUES
(1, 'Marcin Bulka', 'Marcin Bulka', '1999-10-04', 'Plock', NULL, 196, 'Pologne', 'Gardien'),
(2, 'Garissone Innocent', 'Garissone Innocent', NULL, NULL, NULL, NULL, 'France', NULL),
(3, 'Keylor Navas', 'Keylor Navas', '1986-12-15', 'Pérez Zeledón', 78, 184, 'Costa Rica', 'Gardien'),
(4, 'Sergio Rico', 'Sergio Rico', '1993-01-01', 'Séville', 90, 195, 'Espagne', 'Gardien'),
(5, 'Mitchel Bakker', 'Mitchel Bakker', '2000-06-20', 'Purmerend', 81, 185, 'Pays-Bas', 'Défenseur'),
(6, 'Juan Bernat', 'Juan Bernat', '1993-03-01', 'Cullera', 67, 172, 'Espagne', 'Défenseur'),
(7, 'Colin Dagba', 'Colin Dagba', '1998-01-09', 'Béthune (62)', 62, 168, 'France', 'Défenseur'),
(8, 'Abdou Diallo', 'Abdou Diallo', '1996-05-04', 'Tours', 72, 183, 'France', 'Défenseur'),
(9, 'Thilo Kehrer', 'Thilo Kehrer', '1996-01-21', 'Tübingen', 73, 186, 'Allemagne', 'Défenseur'),
(10, 'Presnel Kimpembe', 'Presnel Kimpembe', '1995-01-13', 'Beaumont-sur-Oise (95)', 67, 183, 'France', 'Défenseur'),
(11, 'Tanguy Nianzou Kouassi', 'Tanguy Nianzou Kouassi', '2002-06-07', 'enseur', NULL, NULL, 'France', '35'),
(12, 'Layvin Kurzawa', 'Layvin Kurzawa', '1992-01-04', 'Fréjus (83)', 74, 182, 'France', 'Défenseur'),
(13, ' Marquinhos', ' Marquinhos', '1994-05-14', 'São Paulo', 79, 183, 'Brésil', 'Défenseur'),
(14, 'Loic Mbe Soh', 'Loic Mbe Soh', '2001-06-13', 'Souza Gare', NULL, 186, 'France', 'Défenseur'),
(15, 'Thomas Meunier', 'Thomas Meunier', '1991-01-12', 'Saint-Ode', 82, 190, 'Belgique', 'Défenseur'),
(16, 'Thiago Silva', 'Thiago Silva', '1984-01-22', 'Rio de Janeiro-RJ', 79, 183, 'Brésil', 'Défenseur'),
(17, 'Adil Aouchiche', 'Adil Aouchiche', '2002-07-15', 'Le Blanc-Mesnil (93)', NULL, NULL, 'France', 'Milieu'),
(18, 'Julian Draxler', 'Julian Draxler', '1993-01-20', 'Gladbeck', 72, 187, 'Allemagne', 'Milieu'),
(19, 'Idrissa Gueye', 'Idrissa Gueye', '1989-01-26', 'Dakar', 66, 174, 'Sénégal', 'Milieu'),
(20, 'Ander Herrera', 'Ander Herrera', '1989-01-14', 'Bilbao', 72, 182, 'Espagne', 'Milieu'),
(21, 'Leandro Paredes', 'Leandro Paredes', '1994-06-29', 'San Justo', 75, 180, 'Argentine', 'Milieu'),
(22, 'Pablo Sarabia', 'Pablo Sarabia', '1992-05-11', 'Madrid', 72, 177, 'Espagne', 'Milieu'),
(23, 'Marco Verratti', 'Marco Verratti', '1992-01-05', 'Pescara', 60, 165, 'Italie', 'Milieu'),
(24, 'Edinson Cavani', 'Edinson Cavani', '1987-01-14', 'Salto', 78, 188, 'Uruguay', 'Attaquant'),
(25, 'Eric Choupo Moting', 'Eric Choupo Moting', '1989-03-23', 'Hambourg (ALL)', 82, 188, 'Cameroun', 'Attaquant'),
(26, 'Angel Di Maria', 'Angel Di Maria', '1988-01-14', 'Rosario', 75, 178, 'Argentine', 'Attaquant'),
(27, 'Mauro Icardi', 'Mauro Icardi', '1993-01-19', 'Rosario', 75, 181, 'Argentine', 'Attaquant'),
(28, 'Arnaud Kalimuendo', 'Arnaud Kalimuendo', '2002-01-20', 'Suresnes (92)', NULL, NULL, 'France', 'Attaquant'),
(29, 'Kylian Mbappé', 'Kylian Mbappé', '1998-12-20', 'Paris (75)', 73, 178, 'France', 'Attaquant'),
(30, ' Neymar', ' Neymar', '1992-01-05', 'Mogi das Cruzes-SP', 68, 175, 'Brésil', 'Attaquant'),
(31, 'Steve Mandanda', 'Steve Mandanda', '1985-03-28', 'Kinshasa (RDC)', 82, 185, 'France', 'Gardien'),
(32, 'Yohann Pelé', 'Yohann Pelé', '1982-01-04', 'Brou-sur-Chantereine (77)', 89, 196, 'France', 'Gardien'),
(33, 'Jordan Amavi', 'Jordan Amavi', '1994-03-09', 'Toulon (83)', 70, 176, 'France', 'Défenseur'),
(34, 'Duje Caleta-Car', 'Duje Caleta-Car', '1996-01-17', 'Sibenik', 89, 192, 'Croatie', 'Défenseur'),
(35, 'Alvaro Gonzalez Soberon', 'Alvaro Gonzalez Soberon', '1990-01-08', 'Potes', 71, 183, 'Espagne', 'Défenseur'),
(36, 'Boubacar Kamara', 'Boubacar Kamara', '1999-01-23', 'Marseille', 68, 178, 'France', 'Défenseur'),
(37, 'Abdallah Mohamed Abdallah', 'Abdallah Mohamed Abdallah', '1999-04-11', 'enseur', NULL, NULL, 'Comores', NULL),
(38, 'Lucas Perrin', 'Lucas Perrin', '1998-01-19', 'Marseille (13)', NULL, 187, 'France', 'Défenseur'),
(39, 'Hiroki Sakai', 'Hiroki Sakai', '1990-04-12', 'Kashiwa', 70, 183, 'Japon', 'Défenseur'),
(40, 'Saîf-Eddine Khaoui', 'Saîf-Eddine Khaoui', '1995-04-27', 'Paris (FRA)', 76, 180, 'Tunisie', 'Milieu'),
(41, 'Maxime Lopez', 'Maxime Lopez', '1997-12-04', 'Marseille (13)', 58, 167, 'France', 'Milieu'),
(42, 'Dimitri Payet', 'Dimitri Payet', '1987-03-29', 'Saint-Pierre (974)', 77, 175, 'France', 'Milieu'),
(43, 'Valentin Rongier', 'Valentin Rongier', '1994-12-07', 'Mâcon (71)', 70, 172, 'France', 'Milieu'),
(44, 'Morgan Sanson', 'Morgan Sanson', '1994-01-18', 'Saint-Doulchard (18)', 70, 182, 'France', 'Milieu'),
(45, 'Bouna Sarr', 'Bouna Sarr', '1992-01-31', 'Lyon', 65, 177, 'France', 'Milieu'),
(46, 'Grégory Sertic', 'Grégory Sertic', '1989-01-05', 'Brétigny-sur-Orge (91)', 76, 183, 'France', 'Milieu'),
(47, 'Kevin Strootman', 'Kevin Strootman', '1990-01-13', 'Rotterdam', 80, 186, 'Pays-Bas', 'Milieu'),
(48, 'Dario Benedetto', 'Dario Benedetto', '1990-05-17', 'Berazategui', 71, 180, 'Argentine', 'Attaquant'),
(49, 'Valère Germain', 'Valère Germain', '1990-04-17', 'Marseille (13)', 73, 180, 'France', 'Attaquant'),
(50, 'Nemanja Radonjic', 'Nemanja Radonjic', '1996-01-15', 'Nis', 76, 185, 'Serbie', 'Attaquant'),
(51, 'Florian Thauvin', 'Florian Thauvin', '1993-01-26', 'Orléans (45)', 70, 179, 'France', 'Attaquant'),
(52, 'Ludovic Butelle', 'Ludovic Butelle', '1983-04-03', 'Reims (51)', 84, 188, 'France', 'Gardien'),
(53, 'Anthony Mandrea', 'Anthony Mandrea', '1996-12-25', 'Grasse (06)', 78, 186, 'France', 'Gardien'),
(54, 'Rayan Aït-Nouri', 'Rayan Aït-Nouri', '2001-06-06', 'Montreuil', 70, 179, 'France', 'Défenseur'),
(55, 'Abdoulaye Bamba', 'Abdoulaye Bamba', '1990-04-25', 'Abidjan', 71, 182, 'Côte d\'Ivoire', 'Défenseur'),
(56, 'Ibrahim Cissé', 'Ibrahim Cissé', '1996-05-02', 'Paris', NULL, 175, 'France', 'Défenseur'),
(57, 'Vincent Manceau', 'Vincent Manceau', '1989-07-10', 'Angers (49)', 65, 174, 'France', 'Défenseur'),
(58, 'Mateo Pavlovic', 'Mateo Pavlovic', '1990-06-09', 'Mostar (BOS)', 81, 194, 'Croatie', 'Défenseur'),
(59, 'Théo Pellenard', 'Théo Pellenard', '1994-03-04', 'Lille (59)', 71, 182, 'France', 'Défenseur'),
(60, 'Romain Thomas', 'Romain Thomas', '1988-06-12', 'Landerneau (29)', 84, 193, 'France', 'Défenseur'),
(61, 'Ismaël Traoré', 'Ismaël Traoré', '1986-01-18', 'Paris (FRA)', 75, 185, 'Côte d\'Ivoire', 'Défenseur'),
(62, 'Antonin Bobichon', 'Antonin Bobichon', '1995-01-14', 'Bagnols-sur-Cèze (30)', 72, 180, 'France', 'Milieu'),
(63, 'Pierrick Capelle', 'Pierrick Capelle', '1987-04-15', 'Lesquin (59)', 71, 180, 'France', 'Milieu'),
(64, 'Angelo Fulgini', 'Angelo Fulgini', '1996-01-20', 'Abidjan (CIV)', 71, 183, 'France', 'Milieu'),
(65, 'Anthony Mancini', 'Anthony Mancini', '2001-04-06', 'eu', NULL, NULL, 'France', NULL),
(66, 'Thomas Mangani', 'Thomas Mangani', '1987-04-29', 'Carpentras (84)', 79, 183, 'France', 'Milieu'),
(67, 'Vincent Pajot', 'Vincent Pajot', '1990-01-19', 'Domont (95)', 64, 176, 'France', 'Milieu'),
(68, 'Baptiste Santamaria', 'Baptiste Santamaria', '1995-03-09', 'Saint-Doulchard (18)', 73, 183, 'France', 'Milieu'),
(69, 'Rachid Alioui', 'Rachid Alioui', '1992-06-18', 'La Rochelle (17)', 81, 186, 'Maroc', 'Attaquant'),
(70, 'Stéphane Bahoken', 'Stéphane Bahoken', '1992-05-28', 'Grasse (FRA)', 88, 185, 'Cameroun', 'Attaquant'),
(71, 'Wilfried Kanga', 'Wilfried Kanga', '1998-01-21', 'Montreuil', 76, 182, 'France', 'Attaquant'),
(72, 'Casimir Rodrigue Ninga', 'Casimir Rodrigue Ninga', '1993-05-17', 'Mandoul', 75, 184, 'Tchad', 'Attaquant'),
(73, 'Sada Thioub', 'Sada Thioub', '1995-06-01', 'Nanterre (FRA)', 75, 179, 'Sénégal', 'Attaquant'),
(74, 'Jessy Moulin', 'Jessy Moulin', '1986-01-13', 'Valence (26)', 80, 184, 'France', 'Gardien'),
(75, 'Stéphane Ruffier', 'Stéphane Ruffier', '1986-01-27', 'Bayonne (64)', 90, 186, 'France', 'Gardien'),
(76, 'Mathieu Debuchy', 'Mathieu Debuchy', '1985-07-28', 'Fretin (59)', 76, 176, 'France', 'Défenseur'),
(77, 'Timothée Kolodziejczak', 'Timothée Kolodziejczak', '1991-10-01', 'Avion (62)', 75, 185, 'France', 'Défenseur'),
(78, 'Harold Moukoudi', 'Harold Moukoudi', '1997-01-27', 'Bondy', 74, 191, 'France', 'Défenseur'),
(79, 'Sergi Palencia', 'Sergi Palencia', '1996-03-23', 'Badalona', 67, 172, 'Espagne', 'Défenseur'),
(80, 'Loïc Perrin', 'Loïc Perrin', '1985-01-07', 'Saint-Etienne (42)', 76, 180, 'France', 'Défenseur'),
(81, 'William Saliba', 'William Saliba', '2001-03-24', 'Bondy (93)', NULL, 193, 'France', 'Défenseur'),
(82, 'Gabriel Silva', 'Gabriel Silva', '1991-05-13', 'São Paulo-SP', 70, 179, 'Brésil', 'Défenseur'),
(83, 'Alpha Sissoko', 'Alpha Sissoko', '1997-03-07', 'Bondy (93)', 68, 177, 'France', 'Défenseur'),
(84, 'Miguel Trauco', 'Miguel Trauco', '1992-01-25', 'Tarapoto', 65, 175, 'Pérou', 'Défenseur'),
(85, 'Jean-Eudes Aholou', 'Jean-Eudes Aholou', '1994-03-20', 'Yopougon Abidjan', 71, 186, 'Côte d\'Ivoire', 'Milieu'),
(86, 'Ryad Boudebouz', 'Ryad Boudebouz', '1990-01-19', 'Colmar (FRA)', 74, 177, 'Algérie', 'Milieu'),
(87, 'Yohan Cabaye', 'Yohan Cabaye', '1986-01-14', 'Tourcoing (59)', 72, 175, 'France', 'Milieu'),
(88, 'Mahdi Camara', 'Mahdi Camara', '1998-06-30', 'Martigues', NULL, NULL, 'France', 'Milieu'),
(89, 'Assane Diousse', 'Assane Diousse', '1997-01-20', 'Dakar', 68, 184, 'Sénégal', 'Milieu'),
(90, 'Romain Hamouma', 'Romain Hamouma', '1987-03-29', 'Montbéliard (25)', 74, 177, 'France', 'Milieu'),
(91, 'Wahbi Khazri', 'Wahbi Khazri', '1991-01-08', 'Ajaccio (FRA)', 76, 182, 'Tunisie', 'Milieu'),
(92, 'Yann M\'Vila', 'Yann M\'Vila', '1990-06-29', 'Amiens (80)', 80, 182, 'France', 'Milieu'),
(93, 'Arnaud Nordin', 'Arnaud Nordin', '1998-06-17', 'Paris', 66, 170, 'France', 'Milieu'),
(94, 'Zaydou Youssouf', 'Zaydou Youssouf', '1999-07-11', 'Bordeaux', 70, 178, 'France', 'Milieu'),
(95, 'Charles Abi', 'Charles Abi', '2000-04-12', 'Clermont-Ferrand', NULL, 187, 'France', 'Attaquant'),
(96, 'Robert Beric', 'Robert Beric', '1991-06-17', 'Krsko', 80, 188, 'Slovénie', 'Attaquant'),
(97, 'Denis Bouanga', 'Denis Bouanga', '1994-01-11', 'Le Mans (73)', 71, 180, 'Gabon', 'Attaquant'),
(98, 'Loïs Diony', 'Loïs Diony', '1992-12-20', 'Mont-de-Marsan', 82, 183, 'France', 'Attaquant'),
(99, 'Franck Honorat', 'Franck Honorat', '1996-01-11', 'Toulon (83)', 70, 180, 'France', 'Attaquant'),
(100, 'Kevin Monnet-Paquet', 'Kevin Monnet-Paquet', '1988-01-19', 'Bourgoin-Jallieu (38)', 73, 183, 'France', 'Attaquant'),
(101, ' Léo Jardim', ' Léo Jardim', '1995-03-20', 'Ribeirao Preto', NULL, 188, 'Brésil', 'Gardien'),
(102, 'Mike Maignan', 'Mike Maignan', '1995-07-03', 'Cayenne', 80, 187, 'France', 'Gardien'),
(103, 'Saad Agouzoul', 'Saad Agouzoul', '1997-01-10', 'enseur', NULL, NULL, 'Maroc', NULL),
(104, 'Domagoj Bradaric', 'Domagoj Bradaric', '1999-12-10', 'Split', NULL, 178, 'Croatie', 'Défenseur'),
(105, 'Tiago Djalo', 'Tiago Djalo', '2000-04-09', 'Amadora', NULL, 190, 'Portugal', 'Défenseur'),
(106, 'Jose Miguel Fonte', 'Jose Miguel Fonte', '1983-12-22', 'Penafiel', 81, 187, 'Portugal', 'Défenseur'),
(107, ' Gabriel Magalhaes', ' Gabriel Magalhaes', '1997-12-19', 'Sao Paulo', 78, 189, 'Brésil', 'Défenseur'),
(108, 'Reinildo Mandava', 'Reinildo Mandava', '1994-01-21', 'Beira', NULL, 180, 'Mozambique', 'Défenseur'),
(109, 'Jérémy Pied', 'Jérémy Pied', '1989-01-23', 'Grenoble (38)', 69, 173, 'France', 'Défenseur'),
(110, 'Adama Soumaoro', 'Adama Soumaoro', '1992-06-18', 'Fontenay-aux-Roses (94)', 93, 186, 'France', 'Défenseur'),
(111, 'Mehmet Zeki Çelik', 'Mehmet Zeki Çelik', '1997-01-17', 'Yildirim', NULL, 180, 'Turquie', 'Défenseur'),
(112, 'Benjamin André', 'Benjamin André', '1990-01-03', 'Nice (06)', 76, 180, 'France', 'Milieu'),
(113, 'Farès Bahlouli', 'Farès Bahlouli', '1995-04-08', 'Lyon (69)', 78, 181, 'France', 'Milieu'),
(114, 'Jonathan Bamba', 'Jonathan Bamba', '1996-03-26', 'Alfortville (94)', 67, 173, 'France', 'Milieu'),
(115, 'Jonathan Ikoné', 'Jonathan Ikoné', '1998-05-02', 'Bondy', 67, 175, 'France', 'Milieu'),
(116, 'Thiago Maia', 'Thiago Maia', '1997-03-23', 'Boa Vista', 68, 179, 'Brésil', 'Milieu'),
(117, 'Renato Sanches', 'Renato Sanches', '1997-01-18', 'Lisbonne', 75, 173, 'Portugal', 'Milieu'),
(118, 'Boubakary Soumaré', 'Boubakary Soumaré', '1999-01-27', 'Noisy-le-Sec (93)', NULL, 188, 'France', 'Milieu'),
(119, ' Xeka', ' Xeka', '1994-01-10', 'Paredes', 80, 186, 'Portugal', 'Milieu'),
(120, 'Yusuf Yazici', 'Yusuf Yazici', '1997-01-29', 'Trabzon', NULL, 183, 'Turquie', 'Milieu'),
(121, 'Arton Zekaj', 'Arton Zekaj', '2000-04-16', 'eu', NULL, NULL, 'Serbie', '21'),
(122, 'Luiz Araujo', 'Luiz Araujo', '1996-06-02', 'Taquaritinga-SP', 67, 175, 'Brésil', 'Attaquant'),
(123, 'Victor Osimhen', 'Victor Osimhen', '1998-12-29', 'Lagos', 78, 185, 'Nigeria', 'Attaquant'),
(124, 'Virgiliu Postolachi', 'Virgiliu Postolachi', '2000-03-17', 'Edinet', NULL, 186, 'France', 'Attaquant'),
(125, 'Loïc Rémy', 'Loïc Rémy', '1987-01-02', 'Rillieux-la-Pape (69)', 78, 185, 'France', 'Attaquant'),
(126, 'Timothy Weah', 'Timothy Weah', '2000-01-22', 'New York', NULL, 185, 'Etats-Unis', 'Attaquant'),
(127, 'Dimitry Bertaud', 'Dimitry Bertaud', '1998-06-06', 'Montpellier', 80, 180, 'France', 'Gardien'),
(128, 'Mathis Carvalho', 'Mathis Carvalho', '1999-04-28', 'Nantes', NULL, 186, 'France', 'Gardien'),
(129, 'Geronimo Rulli', 'Geronimo Rulli', '1992-05-20', 'La Plata', 80, 189, 'Argentine', 'Gardien'),
(130, 'Daniel Congré', 'Daniel Congré', '1985-04-05', 'Toulouse (31)', 82, 186, 'France', 'Défenseur'),
(131, 'Nicolas Cozza', 'Nicolas Cozza', '1999-01-08', 'Ganges', 72, 178, 'France', 'Défenseur'),
(132, 'Vitorino Hilton', 'Vitorino Hilton', '1977-01-13', 'Brasilia', 78, 180, 'Brésil', 'Défenseur'),
(133, 'Pedro Mendes', 'Pedro Mendes', '1990-10-01', 'Neuchâtel (SUI)', 78, 187, 'Portugal', 'Défenseur'),
(134, 'Ambroise Oyongo', 'Ambroise Oyongo', '1991-06-22', 'Ndikinimeki', NULL, 175, 'Cameroun', 'Défenseur'),
(135, 'Mihailo Ristic', 'Mihailo Ristic', '1995-10-31', 'Bijeljina', NULL, 180, 'Serbie', 'Défenseur'),
(136, 'Arnaud Souquet', 'Arnaud Souquet', '1992-01-12', 'Paris (75)', 70, 174, 'France', 'Défenseur'),
(137, 'Mathias Suarez', 'Mathias Suarez', '1996-06-24', 'Montevideo', 80, 182, 'Uruguay', 'Défenseur'),
(138, 'Clément Vidal', 'Clément Vidal', '2000-06-18', 'enseur', NULL, NULL, 'France', '27'),
(139, 'Joris Chotard', 'Joris Chotard', '2001-01-24', 'eu', NULL, NULL, 'France', '13'),
(140, 'Jordan Ferri', 'Jordan Ferri', '1992-03-12', 'Cavaillon (84)', 70, 172, 'France', 'Milieu'),
(141, 'Kylian Kaiboue', 'Kylian Kaiboue', '1998-01-20', 'eu', NULL, NULL, 'France', '21'),
(142, 'Damien Le Tallec', 'Damien Le Tallec', '1990-04-19', 'Hennebont', 77, 184, 'France', 'Milieu'),
(143, 'Florent Mollet', 'Florent Mollet', '1991-01-19', 'Fontaine-lès-Dijon (21)', 68, 174, 'France', 'Milieu'),
(144, 'Junior Salomon Sambia', 'Junior Salomon Sambia', '1996-01-07', 'Lyon', 68, 181, 'France', 'Milieu'),
(145, 'Téji Savanier', 'Téji Savanier', '1991-12-22', 'Montpellier', 62, 171, 'France', 'Milieu'),
(146, 'Bastian Badu', 'Bastian Badu', NULL, NULL, NULL, NULL, 'France', '28'),
(147, 'Souleymane Camara', 'Souleymane Camara', '1982-12-22', 'Dakar', 75, 174, 'Sénégal', 'Attaquant'),
(148, 'Andy Delort', 'Andy Delort', '1991-10-09', 'Sète (FRA)', 82, 182, 'Algérie', 'Attaquant'),
(149, 'Keagan Dolly', 'Keagan Dolly', '1993-01-22', 'Westbury (Johannesburg)', 70, 170, 'Afrique du Sud', 'Attaquant'),
(150, 'Gaëtan Laborde', 'Gaëtan Laborde', '1994-05-03', 'Mont-de-Marsan (40)', 78, 181, 'France', 'Attaquant'),
(151, 'Petar Skuletic', 'Petar Skuletic', '1990-06-29', 'Niksic', 87, 192, 'Serbie', 'Attaquant'),
(152, 'Benoît Costil', 'Benoît Costil', '1987-07-03', 'Caen (14)', 86, 188, 'France', 'Gardien'),
(153, 'Gaëtan Poussin', 'Gaëtan Poussin', '1999-01-13', 'Le Mans', 82, 184, 'France', 'Gardien'),
(154, 'Davy Rouyard', 'Davy Rouyard', '1999-01-17', 'Pointe-à-Pitre', NULL, NULL, 'France', 'Gardien'),
(155, 'Paul Baysse', 'Paul Baysse', '1988-05-18', 'Bordeaux (33)', 85, 184, 'France', 'Défenseur'),
(156, 'Raoul Bellanova', 'Raoul Bellanova', '2000-05-17', 'Rho', 78, 185, 'Italie', 'Défenseur'),
(157, 'Loris Benito', 'Loris Benito', '1992-01-07', 'Aarau', 80, 184, 'Suisse', 'Défenseur'),
(158, 'Vukasin Jovanovic', 'Vukasin Jovanovic', '1996-05-17', 'Belgrade', 77, 188, 'Serbie', 'Défenseur'),
(159, 'Laurent Koscielny', 'Laurent Koscielny', '1985-01-10', 'Tulle (19)', 75, 186, 'France', 'Défenseur'),
(160, 'Enock Kwateng', 'Enock Kwateng', '1997-04-09', 'Mantes-la-Jolie (78)', 79, 183, 'France', 'Défenseur'),
(161, 'Edson Mexer', 'Edson Mexer', '1988-01-08', 'Maputo', 78, 185, 'Mozambique', 'Défenseur'),
(162, ' Pablo', ' Pablo', '1991-06-21', 'São Luís-MA', 79, 188, 'Brésil', 'Défenseur'),
(163, 'Maxime Poundjé', 'Maxime Poundjé', '1992-01-16', 'Bordeaux (33)', 71, 179, 'France', 'Défenseur'),
(164, 'Youssouf Sabaly', 'Youssouf Sabaly', '1993-03-05', 'Le Chesnay (78)', 70, 174, 'Sénégal', 'Défenseur'),
(165, 'Yacine Adli', 'Yacine Adli', '2000-07-29', 'Vitry-sur-Seine', 73, 186, 'France', 'Milieu'),
(166, 'Youssef Aït-Bennasser', 'Youssef Aït-Bennasser', '1996-07-07', 'Toul (FRA)', 75, 184, 'Maroc', 'Milieu'),
(167, 'Toma Basic', 'Toma Basic', '1996-01-25', 'Zagreb', 80, 190, 'Croatie', 'Milieu'),
(168, 'Yassine Benrahou', 'Yassine Benrahou', '1999-01-24', 'Le Blanc-Mesnil', 62, 170, 'France', 'Milieu'),
(169, 'Albert-Nicolas Lottin', 'Albert-Nicolas Lottin', '2001-01-29', 'Paris (95)', NULL, 181, 'France', 'Milieu'),
(170, ' Otavio', ' Otavio', '1994-05-04', 'Maceio', 73, 176, 'Brésil', 'Milieu'),
(171, 'Younousse Sankharé', 'Younousse Sankharé', '1989-01-10', 'Sarcelles (FRA)', 76, 184, 'Sénégal', 'Milieu'),
(172, 'Aurélien Tchouaméni', 'Aurélien Tchouaméni', '2000-01-27', 'Rouen (76)', 80, 185, 'France', 'Milieu'),
(173, 'Jonathan Cafu', 'Jonathan Cafu', '1991-07-10', 'Belo Horizonte-MG', 64, 173, 'Brésil', 'Attaquant'),
(174, 'Nicolas De Préville', 'Nicolas De Préville', '1991-01-08', 'Chambray-lès-Tours (37)', 77, 182, 'France', 'Attaquant'),
(175, 'Ibrahim Diarra', 'Ibrahim Diarra', '1998-05-19', 'quant', NULL, NULL, 'France', '27'),
(176, 'Eui-jo Hwang', 'Eui-jo Hwang', '1992-01-28', 'Seongnam', 78, 184, 'Corée du Sud', 'Attaquant'),
(177, 'Samuel Kalu', 'Samuel Kalu', '1997-01-26', 'Ada Foach', 74, 176, 'Nigeria', 'Attaquant'),
(178, 'François Kamano', 'François Kamano', '1996-05-01', 'Conakry', 75, 182, 'Guinée', 'Attaquant'),
(179, 'Josh Maja', 'Josh Maja', '1998-12-27', 'Lewisham', 67, 180, 'Angleterre', 'Attaquant'),
(180, 'Nicolas Lemaître', 'Nicolas Lemaître', '1997-01-12', 'Reims', 79, 182, 'France', 'Gardien'),
(181, 'Predrag Rajkovic', 'Predrag Rajkovic', '1995-10-31', 'Negotin', 85, 191, 'Serbie', 'Gardien'),
(182, 'Yunis Abdelhamid', 'Yunis Abdelhamid', '1987-01-28', 'Montpellier', 83, 190, 'Maroc', 'Défenseur'),
(183, 'Logan Costa', 'Logan Costa', NULL, NULL, NULL, NULL, 'Inconnu', NULL),
(184, 'Axel Disasi', 'Axel Disasi', '1998-03-11', 'Gonesse', 86, 190, 'France', 'Défenseur'),
(185, 'Thomas Foket', 'Thomas Foket', '1994-01-25', 'Bruxelles', 72, 177, 'Belgique', 'Défenseur'),
(186, 'Hassane Kamara', 'Hassane Kamara', '1994-03-05', 'Saint-Denis', 67, 168, 'France', 'Défenseur'),
(187, 'Ghislain Konan', 'Ghislain Konan', '1995-12-27', 'Abidjan', 71, 176, 'Côte d\'Ivoire', 'Défenseur'),
(188, 'Dario Maresic', 'Dario Maresic', '1999-01-29', 'enseur', NULL, NULL, 'Autriche', NULL),
(189, 'Lenny Vallier', 'Lenny Vallier', '1999-04-24', 'Alfortville', NULL, 185, 'France', 'Défenseur'),
(190, 'Grégory Berthier', 'Grégory Berthier', '1995-01-11', 'Sens', 65, 177, 'France', 'Milieu'),
(191, 'Mathieu Cafaro', 'Mathieu Cafaro', '1997-03-25', 'Saint-Doulchard', 74, 178, 'France', 'Milieu'),
(192, 'Moreto Cassama', 'Moreto Cassama', '1998-01-16', 'Bissau', 63, 165, 'Guinée Bissau', 'Milieu'),
(193, 'Xavier Chavalerin', 'Xavier Chavalerin', '1991-03-07', 'Villeurbanne (69)', 66, 177, 'France', 'Milieu'),
(194, 'Tristan Dingomé', 'Tristan Dingomé', '1991-01-17', 'Les Ulis (91)', 67, 174, 'France', 'Milieu'),
(195, 'Dereck Kutesa', 'Dereck Kutesa', '1997-12-06', 'Genf', 67, 176, 'Suisse', 'Milieu'),
(196, 'Nathanaël Mbuku', 'Nathanaël Mbuku', '2002-03-16', 'Villeneuve-Saint-Georges (94)', NULL, 170, 'France', 'Milieu'),
(197, 'Jacques-Alaixys Romao', 'Jacques-Alaixys Romao', '1984-01-18', 'L\'Haÿ-les-Roses (FRA)', 74, 180, 'Togo', 'Milieu'),
(198, 'Sambou Sissoko', 'Sambou Sissoko', '1999-04-27', 'Clamart', NULL, 186, 'France', 'Milieu'),
(199, 'Anastasios Donis', 'Anastasios Donis', '1996-01-29', 'Blackburn (ANG)', 77, 178, 'Grèce', 'Attaquant'),
(200, 'Timothée Nkada', 'Timothée Nkada', '1999-07-20', 'Lille', 68, 177, 'France', 'Attaquant'),
(201, 'Rémi Oudin', 'Rémi Oudin', '1996-01-18', 'Chälons-en-Champagne', 79, 185, 'France', 'Attaquant'),
(202, 'Virgile Pinson', 'Virgile Pinson', '1996-01-22', 'quant', NULL, NULL, 'France', '27'),
(203, 'Hyun-jun Suk', 'Hyun-jun Suk', '1991-06-29', 'Chungju City', 83, 190, 'Corée du Sud', 'Attaquant'),
(204, 'Arber Zeneli', 'Arber Zeneli', '1995-01-25', 'Falun', 72, 176, 'Kosovo', 'Attaquant'),
(205, 'Alban Lafont', 'Alban Lafont', '1999-01-23', 'Ouagadougou (BRK)', 86, 195, 'France', 'Gardien'),
(206, 'Alexandre Olliero', 'Alexandre Olliero', '1996-01-15', 'La Rochelle', 85, 193, 'France', 'Gardien'),
(207, 'Denis Petric', 'Denis Petric', '1988-05-24', 'Ljubljana', 83, 186, 'Slovénie', 'Gardien'),
(208, 'Dennis Appiah', 'Dennis Appiah', '1992-06-09', 'Toulouse (31)', 68, 179, 'France', 'Défenseur'),
(209, 'Thomas Basila', 'Thomas Basila', '1999-04-30', 'Orléans', 77, 187, 'France', 'Défenseur'),
(210, 'Nicolas Pallois', 'Nicolas Pallois', '1987-01-19', 'Elbeuf (14)', 85, 190, 'France', 'Défenseur'),
(211, 'Charles Traoré', 'Charles Traoré', '1992-01-01', 'Aulnay-sous-Bois (FRA)', 74, 180, 'Mali', 'Défenseur'),
(212, 'Molla Wague', 'Molla Wague', '1991-01-21', 'Vernon (FRA)', 84, 188, 'Mali', 'Défenseur'),
(213, 'Mehdi Abeid', 'Mehdi Abeid', '1992-01-06', 'Paris (FRA)', 77, 178, 'Algérie', 'Milieu'),
(214, 'Abdoul Kader Bamba', 'Abdoul Kader Bamba', '1994-05-25', 'Sarcelles (95)', NULL, NULL, 'France', 'Milieu'),
(215, 'Cristian Benavente', 'Cristian Benavente', '1994-05-19', 'Alcalá de Henares (ESP)', NULL, 173, 'Pérou', 'Milieu'),
(216, 'Ludovic Blas', 'Ludovic Blas', '1998-12-31', 'Colombes (92)', 70, 180, 'France', 'Milieu'),
(217, 'Marcus Coco', 'Marcus Coco', '1996-06-24', 'Les Abymes', 75, 180, 'France', 'Milieu'),
(218, 'Andrei Girotto', 'Andrei Girotto', '1992-01-17', 'Bento Gonçalves', 73, 185, 'Brésil', 'Milieu'),
(219, 'René Krhin', 'René Krhin', '1990-05-21', 'Maribor', 78, 189, 'Slovénie', 'Milieu'),
(220, 'Imran Louza', 'Imran Louza', '1999-05-01', 'Nantes', 65, 178, 'France', 'Milieu'),
(221, 'Samuel Moutoussamy', 'Samuel Moutoussamy', '1996-01-12', 'Paris (75)', 61, 174, 'France', 'Milieu'),
(222, 'Abdoulaye Touré', 'Abdoulaye Touré', '1994-03-03', 'Nantes (44)', 77, 187, 'France', 'Milieu'),
(223, 'Kalifa Coulibaly', 'Kalifa Coulibaly', '1991-01-21', 'Bamako', NULL, 197, 'Mali', 'Attaquant'),
(224, 'Joris Kayembe', 'Joris Kayembe', '1994-01-08', 'Bruxelles', 73, 182, 'Belgique', 'Attaquant'),
(225, 'Roli Pereira de Sa', 'Roli Pereira de Sa', '1996-12-10', 'Mantes-la-Jolie (78)', 71, 177, 'France', 'Attaquant'),
(226, 'Moses Daddy Simon', 'Moses Daddy Simon', '1995-07-12', 'Jos', 70, 168, 'Nigeria', 'Attaquant'),
(227, 'Elie Youan', 'Elie Youan', '1999-04-07', 'Nantes', 70, 181, 'France', 'Attaquant'),
(228, 'Pepe Bonet', 'Pepe Bonet', '2003-01-13', 'Kinshasa', 94, 193, 'France', 'Gardien'),
(229, 'Edouard Mendy', 'Edouard Mendy', '1992-03-01', 'Montivilliers (FRA)', 86, 197, 'Sénégal', 'Gardien'),
(230, 'Romain Salin', 'Romain Salin', '1984-07-29', 'Mayenne', 70, 185, 'France', 'Gardien'),
(231, 'Sacha Boey', 'Sacha Boey', '2000-01-13', 'Montreuil (93)', NULL, 178, 'France', 'Défenseur'),
(232, 'Damien Da Silva', 'Damien Da Silva', '1988-05-17', 'Talence (33)', 81, 183, 'France', 'Défenseur'),
(233, 'Souleyman Doumbia', 'Souleyman Doumbia', '1996-01-24', 'Paris (FRA)', 64, 175, 'Côte d\'Ivoire', 'Défenseur'),
(234, 'Jérémy Gelin', 'Jérémy Gelin', '1997-04-24', 'Quimper (29)', 77, 182, 'France', 'Défenseur'),
(235, 'Joris Gnagnon', 'Joris Gnagnon', '1997-01-13', 'Bondy (FRA)', 89, 182, 'France', 'Défenseur'),
(236, 'Faitout Maouassa', 'Faitout Maouassa', '1998-07-06', 'Villepinte', 74, 170, 'France', 'Défenseur'),
(237, 'Jérémy Morel', 'Jérémy Morel', '1984-04-02', 'Lorient (56)', 71, 172, 'Madagascar', 'Défenseur'),
(238, 'Gerzino Nyamsi', 'Gerzino Nyamsi', '1997-01-22', 'Saint-Brieuc (22)', 85, 192, 'France', 'Défenseur'),
(239, 'Hamari Traoré', 'Hamari Traoré', '1992-01-27', 'Bamako', 57, 174, 'Mali', 'Défenseur'),
(240, 'Benjamin Bourigeaud', 'Benjamin Bourigeaud', '1994-01-14', 'Calais (62)', 71, 178, 'France', 'Milieu'),
(241, 'Eduardo Camavinga', 'Eduardo Camavinga', '2002-01-10', 'Miconje (AGO)', NULL, 182, 'France', 'Milieu'),
(242, 'Romain Del Castillo', 'Romain Del Castillo', '1996-03-29', 'Lyon', 60, 172, 'France', 'Milieu'),
(243, 'Clément Grenier', 'Clément Grenier', '1991-01-07', 'Annonay (07)', 72, 186, 'France', 'Milieu'),
(244, 'Rafik Guitane', 'Rafik Guitane', '1999-05-29', 'Evreux', 60, 164, 'France', 'Milieu'),
(245, 'Jakob Johansson', 'Jakob Johansson', '1990-06-21', 'Trollhättan', 86, 187, 'Suède', 'Milieu'),
(246, 'James Léa-Siliki', 'James Léa-Siliki', '1996-06-12', 'Sarcelles (95)', 70, 183, 'France', 'Milieu'),
(247, 'Jonas Martin', 'Jonas Martin', '1990-04-09', 'Besançon (25)', 76, 184, 'France', 'Milieu'),
(248, 'Isaac Matondo', 'Isaac Matondo', NULL, NULL, NULL, NULL, 'France', NULL),
(249, 'Flavien Tait', 'Flavien Tait', '1993-01-02', 'Longjumeau (91)', 70, 175, 'France', 'Milieu'),
(250, 'Lucas Da Cunha', 'Lucas Da Cunha', '2001-06-09', 'quant', NULL, NULL, 'France', NULL),
(251, 'Gnantin Yann Gboho', 'Gnantin Yann Gboho', '2001-01-14', 'Man', NULL, 173, 'France', 'Attaquant'),
(252, 'Metehan Guclu', 'Metehan Guclu', '1999-04-02', 'Montfermeil (93)', NULL, 182, 'Turquie', 'Attaquant'),
(253, 'Adrien Hunou', 'Adrien Hunou', '1994-01-19', 'Evry (91)', 66, 178, 'France', 'Attaquant'),
(254, 'M\'Baye Niang', 'M\'Baye Niang', '1994-12-19', 'Meulan (78)', 75, 184, 'Sénégal', 'Attaquant'),
(255, ' Raphinha', ' Raphinha', '1996-12-14', 'Porto Alegre', NULL, 175, 'Brésil', 'Attaquant'),
(256, 'Georginio Rutter', 'Georginio Rutter', '2002-04-20', 'Vannes', NULL, 182, 'France', 'Attaquant'),
(257, 'Diafra Sakho', 'Diafra Sakho', '1989-12-24', 'Guédiawaye', 79, 184, 'Sénégal', 'Attaquant'),
(258, 'Jordan Siebatcheu', 'Jordan Siebatcheu', '1996-04-26', 'Wasghinton (USA)', 84, 190, 'France', 'Attaquant'),
(259, 'Alexis Trouillet', 'Alexis Trouillet', NULL, NULL, NULL, NULL, 'France', NULL),
(260, 'Diego Benaglio', 'Diego Benaglio', '1983-01-08', 'Spreitenbach', 89, 193, 'Suisse', 'Gardien'),
(261, 'Benjamin Lecomte', 'Benjamin Lecomte', '1991-04-26', 'Paris (75)', 78, 186, 'France', 'Gardien'),
(262, 'Danijel Subasic', 'Danijel Subasic', '1984-10-27', 'Zadar', 84, 191, 'Croatie', 'Gardien'),
(263, 'Seydou Sy', 'Seydou Sy', '1995-12-12', 'Dakar', 80, 192, 'Sénégal', 'Gardien'),
(264, 'Ruben Aguilar', 'Ruben Aguilar', '1993-04-26', 'Grenoble', 70, 172, 'France', 'Défenseur'),
(265, 'Benoît Badiashile', 'Benoît Badiashile', '2001-03-26', 'Limoges', NULL, 192, 'France', 'Défenseur'),
(266, 'Fodé Ballo-Touré', 'Fodé Ballo-Touré', '1997-01-03', 'Conflans-Sainte-Honorine', 61, 177, 'France', 'Défenseur'),
(267, 'Kamil Glik', 'Kamil Glik', '1988-01-03', 'Jastrzebie Zdroj', 80, 190, 'Pologne', 'Défenseur'),
(268, 'Benjamin Henrichs', 'Benjamin Henrichs', '1997-01-23', 'Bocholt', 77, 183, 'Allemagne', 'Défenseur'),
(269, ' Jemerson', ' Jemerson', '1992-01-24', 'Jeremoabo', 77, 184, 'Brésil', 'Défenseur'),
(270, 'Guillermo Maripan', 'Guillermo Maripan', '1994-05-06', 'San Miguel', 80, 193, 'Chili', 'Défenseur'),
(271, ' Naldo', ' Naldo', '1982-01-10', 'Londrina', 89, 198, 'Brésil', 'Défenseur'),
(272, 'Pierre Nguinda', 'Pierre Nguinda', '1996-06-18', 'Douala', NULL, 178, 'Cameroun', 'Défenseur'),
(273, 'Arthur Zagré', 'Arthur Zagré', '2001-10-04', 'Neuilly-sur-Seine', NULL, 168, 'France', 'Défenseur'),
(274, 'Tiémoué Bakayoko', 'Tiémoué Bakayoko', '1994-01-17', 'Paris (75)', 72, 184, 'France', 'Milieu'),
(275, 'Gabriel Boschilia', 'Gabriel Boschilia', '1996-03-05', 'Piracicaba-SP', 63, 173, 'Brésil', 'Milieu'),
(276, 'Gil Dias', 'Gil Dias', '1996-01-28', 'Gafanha da Nazaré', 78, 183, 'Portugal', 'Milieu'),
(277, 'Francesc Fabregas', 'Francesc Fabregas', '1987-05-04', 'Arenys de Mar', 69, 180, 'Espagne', 'Milieu'),
(278, 'Alexandre Golovine', 'Alexandre Golovine', '1996-05-30', 'Kaltan', 69, 180, 'Russie', 'Milieu'),
(279, 'Adrien Silva', 'Adrien Silva', '1989-03-15', 'Angoulême (FRA)', 75, 175, 'Portugal', 'Milieu'),
(280, 'Jean-Kévin Augustin', 'Jean-Kévin Augustin', '1997-06-16', 'Paris', 69, 177, 'France', 'Attaquant'),
(281, 'Keita Baldé', 'Keita Baldé', '1995-03-08', 'Arbúcies (ESP)', 77, 181, 'Sénégal', 'Attaquant'),
(282, 'Wissam Ben Yedder', 'Wissam Ben Yedder', '1990-01-12', 'Sarcelles (95)', 68, 170, 'France', 'Attaquant'),
(283, 'Willem Geubbels', 'Willem Geubbels', '2001-01-16', 'Villeurbanne', 72, 185, 'France', 'Attaquant'),
(284, 'Stevan Jovetic', 'Stevan Jovetic', '1989-01-02', 'Podgorica', 79, 183, 'Montenegro', 'Attaquant'),
(285, 'Gelson Martins', 'Gelson Martins', '1995-05-11', 'Praia (CPV)', 74, 173, 'Portugal', 'Attaquant'),
(286, 'Henry Onyekuru', 'Henry Onyekuru', '1997-06-05', 'Onitsha', 59, 175, 'Nigeria', 'Attaquant'),
(287, 'Pietro Pellegri', 'Pietro Pellegri', '2001-03-17', 'Gênes', 78, 188, 'Italie', 'Attaquant'),
(288, 'Islam Slimani', 'Islam Slimani', '1988-06-18', 'Alger', 75, 186, 'Algérie', 'Attaquant'),
(289, 'Gautier Larsonneur', 'Gautier Larsonneur', '1997-01-23', 'Saint-Renan (29)', 70, 181, 'France', 'Gardien'),
(290, 'Donovan Léon', 'Donovan Léon', '1992-01-03', 'Cayenne', 88, 186, 'France', 'Gardien'),
(291, 'Ludovic Baal', 'Ludovic Baal', '1986-05-24', 'Cayenne (974)', 72, 176, 'France', 'Défenseur'),
(292, 'Denys Bain', 'Denys Bain', '1993-07-02', 'Dijon (21)', 74, 181, 'France', 'Défenseur'),
(293, 'Gaëtan Belaud', 'Gaëtan Belaud', '1986-01-16', 'Oloron-Sainte-Marie (31)', 77, 178, 'France', 'Défenseur'),
(294, 'Jean-Charles Castelletto', 'Jean-Charles Castelletto', '1995-01-26', 'Clamart (92)', 77, 185, 'Cameroun', 'Défenseur'),
(295, 'Brendan Chardonnet', 'Brendan Chardonnet', '1994-12-22', 'Saint-Renan (29)', 74, 181, 'France', 'Défenseur'),
(296, 'Julien Faussurier', 'Julien Faussurier', '1987-01-14', 'Lyon', 70, 173, 'France', 'Défenseur'),
(297, 'David Kiki', 'David Kiki', '1993-01-25', 'Vakaon', 74, 180, 'Bénin', 'Défenseur'),
(298, 'Romain Perraud', 'Romain Perraud', '1997-01-22', 'Toulouse (31)', 68, 173, 'France', 'Défenseur'),
(299, 'Cristian Battocchio', 'Cristian Battocchio', '1992-01-10', 'Rosario', 68, 176, 'Argentine', 'Milieu'),
(300, 'Haris Belkebla', 'Haris Belkebla', '1994-01-28', 'La Courneuve', 68, 177, 'Algérie', 'Milieu'),
(301, 'Yoann Court', 'Yoann Court', '1990-01-14', 'Carpentras (84)', 70, 172, 'France', 'Milieu'),
(302, 'Ibrahima Diallo', 'Ibrahima Diallo', '1999-03-08', 'Tours', 69, 179, 'France', 'Milieu'),
(303, 'Samuel Grandsir', 'Samuel Grandsir', '1996-01-14', 'Evreux', 70, 180, 'France', 'Milieu'),
(304, 'Paul Lasne', 'Paul Lasne', '1989-01-16', 'Saint-Cloud (92)', 77, 186, 'France', 'Milieu'),
(305, 'Hugo Magnetti', 'Hugo Magnetti', '1998-05-30', 'Marseille', 75, 180, 'France', 'Milieu'),
(306, 'Hianga\'a Mbock', 'Hianga\'a Mbock', '1999-12-28', 'Brest', 82, 186, 'France', 'Milieu'),
(307, 'Ferris N\'Goma', 'Ferris N\'Goma', '1993-06-15', 'Kinshasa (RDC)', 69, 175, 'France', 'Milieu'),
(308, 'Mathias Autret', 'Mathias Autret', '1991-03-01', 'Morlaix (29)', 64, 179, 'France', 'Attaquant'),
(309, 'Irvin Cardona', 'Irvin Cardona', '1997-01-08', 'Nîmes', 76, 185, 'France', 'Attaquant'),
(310, 'Gaëtan Charbonnier', 'Gaëtan Charbonnier', '1988-12-27', 'Saint-Mandé (94)', 80, 188, 'France', 'Attaquant'),
(311, 'Kevin Mayi', 'Kevin Mayi', '1993-01-14', 'Lyon', 76, 182, 'France', 'Attaquant'),
(312, 'Alexandre Mendy', 'Alexandre Mendy', '1994-03-20', 'Toulon (83)', 86, 184, 'France', 'Attaquant'),
(313, 'Derick Oseiy Yaw', 'Derick Oseiy Yaw', '1998-01-10', 'g', 0, NULL, 'France', '3'),
(314, 'Walter Benitez', 'Walter Benitez', '1993-01-19', 'General San Martín', 86, 191, 'Argentine', 'Gardien'),
(315, 'Yoan Cardinale', 'Yoan Cardinale', '1994-03-27', 'La Ciotat (13)', 84, 181, 'France', 'Gardien'),
(316, 'Yannis Clémentia', 'Yannis Clémentia', '1997-07-05', 'Fort-de-France', 78, 188, 'France', 'Gardien'),
(317, 'Youcef Atal', 'Youcef Atal', '1996-05-17', 'Boghni', 64, 176, 'Algérie', 'Défenseur'),
(318, 'Patrick Burner', 'Patrick Burner', '1996-04-11', 'Fort-de-France (Martinique)', 65, 170, 'France', 'Défenseur'),
(319, 'Ibrahim Cissé', 'Ibrahim Cissé', '1999-01-11', 'enseur', NULL, NULL, 'Côte d\'Ivoire', '34'),
(320, 'Racine Coly', 'Racine Coly', '1995-12-08', 'Dakar', 71, 185, 'Sénégal', 'Défenseur'),
(321, ' Dante', ' Dante', '1983-10-18', 'Salvador-BA', 85, 188, 'Brésil', 'Défenseur'),
(322, 'Christophe Hérelle', 'Christophe Hérelle', '1992-01-22', 'Nice (06)', 75, 188, 'France', 'Défenseur'),
(323, 'Gautier Lloris', 'Gautier Lloris', '1995-07-18', 'Nice (06)', 77, 185, 'France', 'Défenseur'),
(324, 'Stanley Nsoki', 'Stanley Nsoki', '1999-04-09', 'Poissy (78)', NULL, 178, 'France', 'Défenseur'),
(325, 'Andy Pelmard', 'Andy Pelmard', '2000-03-12', 'Nice', NULL, 179, 'France', 'Défenseur'),
(326, 'Malang Sarr', 'Malang Sarr', '1999-01-23', 'Nice (06)', 73, 182, 'France', 'Défenseur'),
(327, 'Danilo Barbosa', 'Danilo Barbosa', '1996-01-28', 'Simões Filho-BA', 78, 183, 'Brésil', 'Milieu'),
(328, 'Hicham Boudaoui', 'Hicham Boudaoui', '1999-01-23', 'eu', NULL, NULL, 'Algérie', '28'),
(329, 'Wylan Cyprien', 'Wylan Cyprien', '1995-01-28', 'Pointe-à-Pitre (971)', 75, 180, 'France', 'Milieu'),
(330, 'Pierre Lees-Melou', 'Pierre Lees-Melou', '1993-05-25', 'Langon', 67, 185, 'France', 'Milieu'),
(331, 'Arnaud Lusamba', 'Arnaud Lusamba', '1997-01-04', 'Metz (57)', 67, 179, 'France', 'Milieu'),
(332, 'Hicham Mahou', 'Hicham Mahou', '1999-07-02', 'Nice', 64, 177, 'France', 'Milieu'),
(333, 'Adam Ounas', 'Adam Ounas', '1996-01-11', 'Chambray-lès-Tours', 64, 172, 'Algérie', 'Milieu'),
(334, 'Adrien Tameze', 'Adrien Tameze', '1994-01-04', 'Lille', 73, 182, 'France', 'Milieu'),
(335, 'Khephren Thuram', 'Khephren Thuram', '2001-03-26', 'Reggio Emilia (ITA)', NULL, 191, 'France', 'Milieu'),
(336, 'Rémi Walter', 'Rémi Walter', '1995-04-26', 'Essey-lès-Nancy', 73, 174, 'France', 'Milieu'),
(337, 'Pedro Brazao', 'Pedro Brazao', NULL, NULL, NULL, NULL, 'Portugal', '1'),
(338, 'Kasper Dolberg', 'Kasper Dolberg', '1997-10-06', 'Silkeborg', 85, 187, 'Danemark', 'Attaquant'),
(339, 'Alexandre Gameiro', 'Alexandre Gameiro', '1999-01-18', 'quant', NULL, NULL, 'France', '35'),
(340, 'Ignatius Ganago', 'Ignatius Ganago', '1999-01-16', 'Douala', 78, 176, 'Cameroun', 'Attaquant'),
(341, 'Assil Jaziri', 'Assil Jaziri', NULL, NULL, NULL, NULL, 'France', '3'),
(342, 'Myziane Maolida', 'Myziane Maolida', '1999-01-14', 'Paris', 70, 180, 'France', 'Attaquant'),
(343, 'Bassem Srarfi', 'Bassem Srarfi', '1997-06-25', 'Tunis', 71, 176, 'Tunisie', 'Attaquant'),
(344, 'Anthony Lopes', 'Anthony Lopes', '1990-10-01', 'Givors (FRA)', 81, 184, 'Portugal', 'Gardien'),
(345, 'Anton Ciprian Tatarusanu', 'Anton Ciprian Tatarusanu', '1986-01-09', 'Bucarest', 89, 194, 'Roumanie', 'Gardien'),
(346, 'Joachim Andersen', 'Joachim Andersen', '1996-05-31', 'Frederiksborg', 90, 190, 'Danemark', 'Défenseur'),
(347, 'Jason Denayer', 'Jason Denayer', '1995-06-28', 'Bruxelles', 80, 184, 'Belgique', 'Défenseur'),
(348, 'Léo Dubois', 'Léo Dubois', '1994-01-14', 'Segré (49)', 65, 178, 'France', 'Défenseur'),
(349, 'Youssouf Koné', 'Youssouf Koné', '1995-07-05', 'Bamako', 71, 174, 'Mali', 'Défenseur'),
(350, ' Marcelo', ' Marcelo', '1987-05-20', 'Sâo Vicente-SP', 79, 190, 'Brésil', 'Défenseur'),
(351, 'Fernando Marçal', 'Fernando Marçal', '1989-01-19', 'São Paulo-SP', 74, 178, 'Brésil', 'Défenseur'),
(352, ' Rafael', ' Rafael', '1990-07-09', 'Petropolis-RJ', 80, 172, 'Brésil', 'Défenseur'),
(353, 'Kenny Tete', 'Kenny Tete', '1995-10-09', 'Amsterdam', 70, 173, 'Pays-Bas', 'Défenseur'),
(354, 'Mapou Yanga-Mbiwa', 'Mapou Yanga-Mbiwa', '1989-05-15', 'Bangui (Centrafrique)', 77, 184, 'France', 'Défenseur'),
(355, 'Houssem Aouar', 'Houssem Aouar', '1998-06-30', 'Lyon (69)', 70, 175, 'France', 'Milieu'),
(356, 'Maxence Caqueret', 'Maxence Caqueret', '2000-01-15', 'Vénissieux', NULL, 174, 'France', 'Milieu'),
(357, 'Rayan Cherki', 'Rayan Cherki', '2003-01-17', 'Pusignan', NULL, 176, 'France', 'Milieu'),
(358, ' Jean Lucas', ' Jean Lucas', '1998-06-22', 'Rio de Janeiro', NULL, 181, 'Brésil', 'Milieu'),
(359, 'Thiago Mendes', 'Thiago Mendes', '1992-03-15', 'Sao Luis', 75, 177, 'Brésil', 'Milieu'),
(360, 'Jeff Reine-Adélaïde', 'Jeff Reine-Adélaïde', '1998-01-17', 'Champigny-sur-Marne (94)', 75, 183, 'France', 'Milieu'),
(361, 'Lucas Tousart', 'Lucas Tousart', '1997-04-29', 'Arras', 83, 185, 'France', 'Milieu'),
(362, 'Maxwel Cornet', 'Maxwel Cornet', '1996-01-27', 'Bregbo (CIV)', 69, 179, 'Côte d\'Ivoire', 'Attaquant'),
(363, 'Moussa Dembélé', 'Moussa Dembélé', '1996-07-12', 'Pontoise', 79, 183, 'France', 'Attaquant'),
(364, 'Memphis Depay', 'Memphis Depay', '1994-01-13', 'Moordrecht', 78, 176, 'Pays-Bas', 'Attaquant'),
(365, 'Martin Terrier', 'Martin Terrier', '1997-03-04', 'Armentières (59)', 73, 184, 'France', 'Attaquant'),
(366, 'Bertrand Traoré', 'Bertrand Traoré', '1995-01-06', 'Bobo-Dioulasso', 72, 180, 'Burkina Faso', 'Attaquant'),
(367, 'Matthieu Dreyer', 'Matthieu Dreyer', '1989-03-20', 'Strasbourg (67)', 81, 188, 'France', 'Gardien'),
(368, 'Régis Gurtner', 'Régis Gurtner', '1986-12-08', 'Saverne', 75, 181, 'France', 'Gardien'),
(369, 'Haitam Aleesami', 'Haitam Aleesami', '1991-07-31', 'Oslo', 73, 181, 'Norvège', 'Défenseur'),
(370, 'Mathieu Bodmer', 'Mathieu Bodmer', '1982-01-22', 'Evreux (27)', 90, 190, 'France', 'Défenseur'),
(371, 'Arturo Calabresi', 'Arturo Calabresi', '1996-03-17', 'Rome', 75, 186, 'Italie', 'Défenseur'),
(372, 'Aurélien Chedjou', 'Aurélien Chedjou', '1985-06-20', 'Douala', 86, 184, 'Cameroun', 'Défenseur'),
(373, 'Bakaye Dibassy', 'Bakaye Dibassy', '1989-01-11', 'Paris', 74, 183, 'France', 'Défenseur'),
(374, 'Valentin Gendrey', 'Valentin Gendrey', '2000-06-21', 'enseur', NULL, NULL, 'France', '35'),
(375, 'Prince-Désir Gouano', 'Prince-Désir Gouano', '1993-12-24', 'Paris', 78, 186, 'France', 'Défenseur'),
(376, 'Christophe Jallet', 'Christophe Jallet', '1983-10-31', 'Cognac (16)', 70, 178, 'France', 'Défenseur'),
(377, 'Jordan Lefort', 'Jordan Lefort', '1993-01-09', 'Champigny (94)', 80, 183, 'France', 'Défenseur'),
(378, 'Sanasi Sy', 'Sanasi Sy', '1999-04-04', 'enseur', NULL, NULL, 'France', '18'),
(379, 'Alexis Blin', 'Alexis Blin', '1996-01-16', 'Le Mans (72)', 78, 184, 'France', 'Milieu'),
(380, 'Jonathan Bumbu', 'Jonathan Bumbu', '1999-01-11', 'eu', NULL, NULL, 'France', '39'),
(381, 'Fousseni Diabaté', 'Fousseni Diabaté', '1995-10-18', 'Aubervilliers (FRA)', 65, 176, 'Mali', 'Milieu'),
(382, 'Saman Ghoddos', 'Saman Ghoddos', '1993-01-06', 'Malmö', 77, 176, 'Iran', 'Milieu'),
(383, 'Eddy Gnahoré', 'Eddy Gnahoré', '1993-01-14', 'Paris', 80, 188, 'France', 'Milieu'),
(384, 'Rafal Kurzawa', 'Rafal Kurzawa', '1993-01-29', 'Wieruszow', 73, 182, 'Pologne', 'Milieu'),
(385, 'Thomas Monconduit', 'Thomas Monconduit', '1991-01-10', 'Drancy', 75, 178, 'France', 'Milieu'),
(386, 'Jean-Claude Ngando', 'Jean-Claude Ngando', '1999-01-20', 'eu', NULL, NULL, 'France', '36'),
(387, 'Jayson Papeau', 'Jayson Papeau', NULL, NULL, NULL, NULL, 'France', NULL),
(388, 'Bongani Zungu', 'Bongani Zungu', '1992-10-09', 'Duduza, Gauteng', NULL, 184, 'Afrique du Sud', 'Milieu'),
(389, 'Chadrac Akolo', 'Chadrac Akolo', '1995-04-01', 'Kinshasa', 72, 172, 'RD Congo', 'Attaquant'),
(390, 'Quentin Cornette', 'Quentin Cornette', '1994-01-17', 'La Ciotat (13)', 74, 172, 'France', 'Attaquant'),
(391, 'Serhou Guirassy', 'Serhou Guirassy', '1996-03-12', 'Arles (13)', 82, 187, 'France', 'Attaquant'),
(392, 'Gaël Kakuta', 'Gaël Kakuta', '1991-06-21', 'Lille (59)', 64, 172, 'RD Congo', 'Attaquant'),
(393, 'Driss Khalid', 'Driss Khalid', '1999-01-07', 'Toulouse', NULL, NULL, 'France', 'Attaquant'),
(394, 'Moussa Konaté', 'Moussa Konaté', '1993-04-03', 'Dakar', 78, 180, 'Sénégal', 'Attaquant'),
(395, 'Jack Lahne', 'Jack Lahne', '2001-10-24', 'Lusaka', NULL, 174, 'Suède', 'Attaquant'),
(396, 'Stiven Mendoza', 'Stiven Mendoza', '1992-06-27', 'Palmira', 73, 171, 'Colombie', 'Attaquant'),
(397, 'Juan Otero', 'Juan Otero', '1995-05-26', 'Sipi', NULL, 182, 'Colombie', 'Attaquant'),
(398, 'Madih Talal', 'Madih Talal', '1997-01-17', 'quant', NULL, NULL, 'France', '22'),
(399, 'Bingourou Kamara', 'Bingourou Kamara', '1996-10-21', 'Longjumeau', 91, 196, 'France', 'Gardien'),
(400, 'Eiji Kawashima', 'Eiji Kawashima', '1983-03-20', 'Yono', 74, 185, 'Japon', 'Gardien'),
(401, 'Louis Pelletier', 'Louis Pelletier', '2000-01-03', 'Decize', NULL, NULL, 'France', 'Gardien'),
(402, 'Matz Sels', 'Matz Sels', '1992-01-26', 'Lint', 75, 191, 'Belgique', 'Gardien'),
(403, 'Ismaïl Aaneba', 'Ismaïl Aaneba', '1999-05-29', 'enseur', NULL, NULL, 'France', '33'),
(404, 'Anthony Caci', 'Anthony Caci', '1997-07-01', 'Forbach (57)', 70, 184, 'France', 'Défenseur'),
(405, 'Lionel Carole', 'Lionel Carole', '1991-04-12', 'Montreuil', 79, 182, 'France', 'Défenseur'),
(406, 'Alexander Djiku', 'Alexander Djiku', '1994-01-09', 'Montpellier (34)', 74, 182, 'France', 'Défenseur'),
(407, 'Lamine Koné', 'Lamine Koné', '1989-01-01', 'Paris (FRA)', 83, 186, 'Côte d\'Ivoire', 'Défenseur'),
(408, 'Kenny Lala', 'Kenny Lala', '1991-10-03', 'Villepinte', 79, 178, 'France', 'Défenseur'),
(409, 'Stefan Mitrovic', 'Stefan Mitrovic', '1990-05-22', 'Belgrade', 84, 189, 'Serbie', 'Défenseur'),
(410, 'Abdallah Ndour', 'Abdallah Ndour', '1993-12-20', 'Rufisque', 70, 186, 'Sénégal', 'Défenseur'),
(411, 'Mohamed Simakan', 'Mohamed Simakan', '2000-05-03', 'Marseille', NULL, NULL, 'France', 'Défenseur'),
(412, 'Cawdy Williams', 'Cawdy Williams', '2000-04-05', 'enseur', NULL, NULL, 'France', NULL),
(413, 'Jean-Ricner Bellegarde', 'Jean-Ricner Bellegarde', '1998-06-27', 'Colombes (92)', 66, 170, 'France', 'Milieu'),
(414, 'Benjamin Corgnet', 'Benjamin Corgnet', '1987-04-06', 'Thionville (57)', 75, 180, 'France', 'Milieu'),
(415, 'Youssouf Fofana', 'Youssouf Fofana', '1999-01-10', 'Paris', NULL, 176, 'France', 'Milieu'),
(416, 'Jeremy Grimm', 'Jeremy Grimm', '1987-03-27', 'Ostheim', 69, 181, 'France', 'Milieu'),
(417, 'Adrien Lebeau', 'Adrien Lebeau', '1998-01-26', 'Vénisieux', NULL, NULL, 'France', 'Milieu'),
(418, 'Dimitri Liénard', 'Dimitri Liénard', '1988-01-13', 'Belfort (90)', 77, 184, 'France', 'Milieu'),
(419, 'Sanjin Prcic', 'Sanjin Prcic', '1993-01-20', 'Belfort (FRA)', 73, 182, 'Bosnie-Herzégovine', 'Milieu'),
(420, 'Ibrahima Sissoko', 'Ibrahima Sissoko', '1997-10-27', 'Meaux (77)', 88, 194, 'France', 'Milieu'),
(421, 'Adrien Thomasson', 'Adrien Thomasson', '1993-12-10', 'Bourg-Saint-Maurice (05)', 72, 177, 'France', 'Milieu'),
(422, 'Moataz Zemzemi', 'Moataz Zemzemi', '1999-01-07', 'Tunis', NULL, 183, 'Tunisie', 'Milieu'),
(423, 'Ludovic Ajorque', 'Ludovic Ajorque', '1994-01-25', 'Saint-Joseph (Réunion)', 82, 196, 'France', 'Attaquant'),
(424, 'Ivann Botella', 'Ivann Botella', '1999-06-28', 'quant', NULL, NULL, 'France', NULL),
(425, 'Nuno Da Costa', 'Nuno Da Costa', '1991-01-10', 'Praïa', 72, 184, 'Cap vert', 'Attaquant'),
(426, 'Lebo Mothiba', 'Lebo Mothiba', '1996-01-28', 'Johannesburg', 78, 182, 'Afrique du Sud', 'Attaquant'),
(427, 'Kévin Lucien Zohi', 'Kévin Lucien Zohi', '1996-12-19', 'Lopou', NULL, 177, 'Côte d\'Ivoire', 'Attaquant'),
(428, 'Paul Delecroix', 'Paul Delecroix', '1988-10-14', 'Amiens (80)', 73, 183, 'France', 'Gardien'),
(429, 'Alexandre Oukidja', 'Alexandre Oukidja', '1988-07-19', 'Nevers (58)', 80, 185, 'Algérie', 'Gardien'),
(430, 'Nicolas Basin', 'Nicolas Basin', '1998-07-22', 'Forbach (57)', NULL, 182, 'France', 'Défenseur'),
(431, 'John Boye', 'John Boye', '1987-04-23', 'Accra', 72, 185, 'Ghana', 'Défenseur'),
(432, 'Manuel Cabit', 'Manuel Cabit', '1993-06-03', 'Martinique', 75, 182, 'France', 'Défenseur'),
(433, 'Fabien Centonze', 'Fabien Centonze', '1996-01-16', 'Voiron (38)', 82, 190, 'France', 'Défenseur'),
(434, 'Ababacar Moustapha Lô', 'Ababacar Moustapha Lô', '2000-01-02', 'enseur', NULL, NULL, 'Sénégal', '15'),
(435, 'Stoppila Sunzu', 'Stoppila Sunzu', '1989-06-22', 'Chilibomwe', 80, 189, 'Zambie', 'Défenseur'),
(436, 'Matthieu Udol', 'Matthieu Udol', '1996-03-20', 'Metz', 68, 178, 'France', 'Défenseur'),
(437, 'Victorien Angban', 'Victorien Angban', '1996-01-29', 'Abidjan', 69, 180, 'Côte d\'Ivoire', 'Milieu'),
(438, 'Farid Boulaya', 'Farid Boulaya', '1993-01-25', 'Vitrolles (13)', 65, 180, 'France', 'Milieu'),
(439, 'Renaud Cohade', 'Renaud Cohade', '1984-01-29', 'Aubenas (07)', 74, 180, 'France', 'Milieu'),
(440, 'Mamadou Fofana', 'Mamadou Fofana', '1998-01-21', 'Bamako', NULL, 187, 'Mali', 'Milieu'),
(441, 'Marvin Gakpa', 'Marvin Gakpa', '1993-01-01', 'Dunkerque', 66, 182, 'France', 'Milieu'),
(442, 'Sami Lahssaini', 'Sami Lahssaini', '1998-01-18', 'eu', NULL, NULL, 'Belgique', NULL),
(443, 'Habib Maïga', 'Habib Maïga', '1996-01-01', 'Gagnoa', 78, 181, 'Côte d\'Ivoire', 'Milieu'),
(444, 'Raouf Mroivili', 'Raouf Mroivili', '1999-01-14', 'eu', NULL, NULL, 'France', NULL),
(445, 'Kévin N\'Doram', 'Kévin N\'Doram', '1996-01-22', 'Saint-Sébastien-sur-Loire', 76, 186, 'France', 'Milieu'),
(446, 'Adama Traoré', 'Adama Traoré', '1995-06-28', 'Bamako', 72, 180, 'Mali', 'Milieu'),
(447, 'Thierry Ambrose', 'Thierry Ambrose', '1997-03-28', 'Sens (89)', 70, 178, 'France', 'Attaquant'),
(448, 'Habib Diallo', 'Habib Diallo', '1995-06-15', 'Thies', 75, 185, 'Sénégal', 'Attaquant'),
(449, 'Opa Nguette', 'Opa Nguette', '1994-07-08', 'Mantes-la-Jolie (78)', 73, 181, 'Sénégal', 'Attaquant'),
(450, 'Ibrahima Niane', 'Ibrahima Niane', '1999-03-11', 'M\'bour', 77, 195, 'Sénégal', 'Attaquant'),
(451, 'Adama Traoré', 'Adama Traoré', '1995-06-05', 'quant', NULL, NULL, 'Mali', '14'),
(452, 'Papa Ndiaga Yade', 'Papa Ndiaga Yade', '2000-01-05', 'Saint-Louis', NULL, NULL, 'Sénégal', 'Attaquant'),
(453, 'Alfred Gomis', 'Alfred Gomis', '1993-01-05', 'Ziguinchor (SEN)', 80, 196, 'Sénégal', 'Gardien'),
(454, 'Lévi Ntumba', 'Lévi Ntumba', '2001-01-12', 'ien', NULL, NULL, 'France', '30'),
(455, 'Nayef Aguerd', 'Nayef Aguerd', '1996-03-30', 'Kénitra', 76, 188, 'Maroc', 'Défenseur'),
(456, 'Mickael Alphonse', 'Mickael Alphonse', '1989-07-12', 'Champigny-sur-Marne (94)', 75, 182, 'France', 'Défenseur'),
(457, 'Fouad Chafik', 'Fouad Chafik', '1986-10-16', 'Pierrelatte (26)', 72, 183, 'Maroc', 'Défenseur'),
(458, 'Senou Coulibaly', 'Senou Coulibaly', '1994-01-04', 'Pontoise (95)', NULL, 193, 'France', 'Défenseur'),
(459, 'Bruno Ecuele Manga', 'Bruno Ecuele Manga', '1988-07-16', 'Libreville', 76, 186, 'Gabon', 'Défenseur'),
(460, 'Wesley Lautoa', 'Wesley Lautoa', '1987-01-25', 'Epernay (51)', 78, 184, 'France', 'Défenseur'),
(461, 'Hamza Mendyl', 'Hamza Mendyl', '1997-10-21', 'Casablanca', 70, 179, 'Maroc', 'Défenseur'),
(462, 'Glody Ngonda Muzinga', 'Glody Ngonda Muzinga', '1994-12-31', 'enseur', NULL, NULL, 'RD Congo', '3'),
(463, 'Romain Amalfitano', 'Romain Amalfitano', '1989-01-27', 'Nice', 69, 175, 'France', 'Milieu'),
(464, 'Florent Balmont', 'Florent Balmont', '1980-01-02', 'Sainte-Foy-lès-Lyon (69)', 72, 168, 'France', 'Milieu'),
(465, 'Jordan Marié', 'Jordan Marié', '1991-01-29', 'Epinal (88)', 69, 177, 'France', 'Milieu'),
(466, 'Didier Ndong', 'Didier Ndong', '1994-06-17', 'Lambaréné', 75, 179, 'Gabon', 'Milieu'),
(467, 'Matheus Pereira', 'Matheus Pereira', '1998-01-25', 'São Paulo', 68, 181, 'Brésil', 'Milieu'),
(468, 'Frédéric Sammaritano', 'Frédéric Sammaritano', '1986-03-23', 'Vannes', 61, 162, 'France', 'Milieu'),
(469, 'Mama Baldé', 'Mama Baldé', '1995-01-06', 'Bissau', 69, 176, 'Guinée Bissau', 'Attaquant'),
(470, 'Mounir Chouiar', 'Mounir Chouiar', '1999-01-23', 'Liévin (62)', 75, 178, 'France', 'Attaquant'),
(471, 'Stephy Mavididi', 'Stephy Mavididi', '1998-05-31', 'Derby', 71, 182, 'Angleterre', 'Attaquant'),
(472, 'Ryan Philippe', 'Ryan Philippe', '2000-10-23', 'quant', NULL, NULL, 'France', '31'),
(473, 'Julio Tavares', 'Julio Tavares', '1988-01-19', 'Tarrafal de São Nicolau', 86, 187, 'Cap vert', 'Attaquant'),
(474, 'Mauro Goicoechea', 'Mauro Goicoechea', '1988-03-27', 'Montevideo', 81, 184, 'Uruguay', 'Gardien'),
(475, 'Baptiste Reynet', 'Baptiste Reynet', '1990-10-28', 'Romans (01)', 85, 185, 'France', 'Gardien'),
(476, 'Kelvin Amian Adou', 'Kelvin Amian Adou', '1998-01-08', 'Toulouse', 74, 179, 'France', 'Défenseur'),
(477, 'Bafodé Diakité', 'Bafodé Diakité', '2001-01-06', 'Toulouse', NULL, 183, 'France', 'Défenseur'),
(478, 'Mathieu Gonçalves', 'Mathieu Gonçalves', '2001-06-08', 'Paris', 66, 178, 'France', 'Défenseur'),
(479, 'Nicolas Isimat-Mirin', 'Nicolas Isimat-Mirin', '1991-01-15', 'Meudon-la-Forêt (92)', 80, 189, 'France', 'Défenseur'),
(480, 'Steven Moreira', 'Steven Moreira', '1994-01-13', 'Noisy-le-Grand (93)', 70, 178, 'France', 'Défenseur'),
(481, 'Agustín Rogel', 'Agustín Rogel', '1997-10-17', 'Montevideo', 84, 190, 'Uruguay', 'Défenseur'),
(482, 'Gen Shoji', 'Gen Shoji', '1992-12-11', 'Kobe', 74, 182, 'Japon', 'Défenseur'),
(483, 'Issiaga Sylla', 'Issiaga Sylla', '1993-01-01', 'Conakry', 75, 180, 'Guinée', 'Défenseur'),
(484, 'Matthieu Dossevi', 'Matthieu Dossevi', '1988-01-12', 'Chambray-lès-Tours', 64, 172, 'Togo', 'Milieu'),
(485, 'Kouadio Koné', 'Kouadio Koné', '2001-01-17', 'eu', NULL, NULL, 'France', '34'),
(486, 'Jean-Victor Makengo', 'Jean-Victor Makengo', '1998-06-12', 'Etampes (91)', 73, 177, 'France', 'Milieu'),
(487, 'Kalidou Sidibé', 'Kalidou Sidibé', '1999-01-28', 'Montreuil (93)', NULL, 200, 'France', 'Milieu'),
(488, 'William Vainqueur', 'William Vainqueur', '1988-01-19', 'Neuilly-sur-Marne (93)', 73, 179, 'France', 'Milieu'),
(489, 'Quentin Boisgard', 'Quentin Boisgard', '1997-03-17', 'Toulouse', 75, 174, 'France', 'Attaquant'),
(490, 'Max-Alain Gradel', 'Max-Alain Gradel', '1987-01-30', 'Abidjan', 78, 173, 'Côte d\'Ivoire', 'Attaquant'),
(491, 'Corentin Jean', 'Corentin Jean', '1995-07-15', 'Blois (41)', 65, 170, 'France', 'Attaquant'),
(492, 'Efthimis Koulouris', 'Efthimis Koulouris', '1996-03-06', 'Skydra', 82, 186, 'Grèce', 'Attaquant'),
(493, 'Aaron Leya Iseka', 'Aaron Leya Iseka', '1997-01-15', 'Bruxelles', 78, 180, 'Belgique', 'Attaquant'),
(494, 'Yaya Sanogo', 'Yaya Sanogo', '1993-01-27', 'Massy (91)', 74, 191, 'France', 'Attaquant'),
(495, 'Wesley Saïd', 'Wesley Saïd', '1995-04-19', 'Noisy-le-Grand (93)', 65, 171, 'France', 'Attaquant'),
(496, 'Sacha Semaoun', 'Sacha Semaoun', '2001-01-07', 'quant', NULL, NULL, 'France', NULL),
(497, 'Paul Bernardoni', 'Paul Bernardoni', '1997-04-18', 'Paris (75)', 78, 190, 'France', 'Gardien');
INSERT INTO `players` (`id`, `name`, `short_name`, `birthday_date`, `birthday_place`, `weight`, `size`, `nationality`, `poste`) VALUES
(498, 'Lucas Dias', 'Lucas Dias', '1999-05-22', 'ien', NULL, NULL, 'France', '16'),
(499, 'Sofiane Alakouch', 'Sofiane Alakouch', '1998-07-29', 'Nîmes (30)', 66, 175, 'France', 'Défenseur'),
(500, 'Anthony Briançon', 'Anthony Briançon', '1994-01-29', 'Avignon', 79, 185, 'France', 'Défenseur'),
(501, 'Lucas Buades', 'Lucas Buades', '1997-12-28', 'Muret', 73, 181, 'France', 'Défenseur'),
(502, 'Loïck Landre', 'Loïck Landre', '1992-05-05', 'Aubervilliers (93)', 75, 182, 'France', 'Défenseur'),
(503, 'Pablo Martinez', 'Pablo Martinez', '1989-01-21', 'Orange (84)', 77, 182, 'France', 'Défenseur'),
(504, 'Florian Miguel', 'Florian Miguel', '1996-01-01', 'Bruges', 70, 179, 'France', 'Défenseur'),
(505, 'Gaëtan Paquiez', 'Gaëtan Paquiez', '1994-01-15', 'Valréas', NULL, 182, 'France', 'Défenseur'),
(506, 'Théo Sainte-Luce', 'Théo Sainte-Luce', '1998-10-20', 'Chauny (02)', NULL, 181, 'France', 'Défenseur'),
(507, 'Lucas Deaux', 'Lucas Deaux', '1988-12-26', 'Reims (51)', 72, 185, 'France', 'Milieu'),
(508, 'Zinedine Ferhat', 'Zinedine Ferhat', '1993-03-01', 'Bordj Menaïel (ALG)', 70, 183, 'Algérie', 'Milieu'),
(509, 'Lamine Fomba', 'Lamine Fomba', '1998-01-26', 'Rosny-sous-Bois (93)', NULL, 175, 'France', 'Milieu'),
(510, 'Romain Philippoteaux', 'Romain Philippoteaux', '1988-03-02', 'Apt (84)', 67, 170, 'France', 'Milieu'),
(511, 'Sidy Sarr', 'Sidy Sarr', '1996-06-05', 'Dakar', 75, 196, 'Sénégal', 'Milieu'),
(512, 'Antoine Valerio', 'Antoine Valerio', '1999-12-11', 'eu', NULL, NULL, 'France', '1'),
(513, 'Théo Valls', 'Théo Valls', '1995-12-18', 'Nîmes (30)', NULL, 179, 'France', 'Milieu'),
(514, 'Kevin Ahoueke Denkey', 'Kevin Ahoueke Denkey', '2000-01-30', 'Lomé', NULL, 181, 'Togo', 'Attaquant'),
(515, 'Clément Depres', 'Clément Depres', '1994-01-25', 'Nîmes (30)', NULL, 188, 'France', 'Attaquant'),
(516, 'Haris Duljevic', 'Haris Duljevic', '1993-01-16', 'Sarajevo', 82, 183, 'Bosnie-Herzégovine', 'Attaquant'),
(517, 'Renaud Ripart', 'Renaud Ripart', '1993-03-14', 'Nîmes (30)', 73, 181, 'France', 'Attaquant'),
(518, 'Vlatko Stojanovski', 'Vlatko Stojanovski', '1997-04-23', 'Delcevo', NULL, 185, 'Macédoine', 'Attaquant');

-- --------------------------------------------------------

--
-- Structure de la table `players_has_teams`
--

CREATE TABLE `players_has_teams` (
  `id_player` int(11) NOT NULL,
  `id_team` int(11) NOT NULL,
  `start_date` date DEFAULT NULL,
  `end_date` date DEFAULT NULL,
  `number` smallint(6) NOT NULL
) ENGINE=InnoDB DEFAULT CHARSET=utf8 COLLATE=utf8_unicode_ci;

--
-- Contenu de la table `players_has_teams`
--

INSERT INTO `players_has_teams` (`id_player`, `id_team`, `start_date`, `end_date`, `number`) VALUES
(1, 1, NULL, NULL, 30),
(2, 1, NULL, NULL, 0),
(3, 1, NULL, NULL, 1),
(4, 1, NULL, NULL, 16),
(5, 1, NULL, NULL, 25),
(6, 1, NULL, NULL, 14),
(7, 1, NULL, NULL, 31),
(8, 1, NULL, NULL, 22),
(9, 1, NULL, NULL, 4),
(10, 1, NULL, NULL, 3),
(11, 1, NULL, NULL, 0),
(12, 1, NULL, NULL, 20),
(13, 1, NULL, NULL, 5),
(14, 1, NULL, NULL, 36),
(15, 1, NULL, NULL, 12),
(16, 1, NULL, NULL, 2),
(17, 1, NULL, NULL, 38),
(18, 1, NULL, NULL, 23),
(19, 1, NULL, NULL, 27),
(20, 1, NULL, NULL, 21),
(21, 1, NULL, NULL, 8),
(22, 1, NULL, NULL, 19),
(23, 1, NULL, NULL, 6),
(24, 1, NULL, NULL, 9),
(25, 1, NULL, NULL, 17),
(26, 1, NULL, NULL, 11),
(27, 1, NULL, NULL, 18),
(28, 1, NULL, NULL, 33),
(29, 1, NULL, NULL, 7),
(30, 1, NULL, NULL, 10),
(31, 2, NULL, NULL, 30),
(32, 2, NULL, NULL, 16),
(33, 2, NULL, NULL, 18),
(34, 2, NULL, NULL, 15),
(35, 2, NULL, NULL, 3),
(36, 2, NULL, NULL, 4),
(37, 2, NULL, NULL, 0),
(38, 2, NULL, NULL, 32),
(39, 2, NULL, NULL, 2),
(40, 2, NULL, NULL, 24),
(41, 2, NULL, NULL, 27),
(42, 2, NULL, NULL, 10),
(43, 2, NULL, NULL, 21),
(44, 2, NULL, NULL, 8),
(45, 2, NULL, NULL, 17),
(46, 2, NULL, NULL, 22),
(47, 2, NULL, NULL, 12),
(48, 2, NULL, NULL, 9),
(49, 2, NULL, NULL, 28),
(50, 2, NULL, NULL, 7),
(51, 2, NULL, NULL, 26),
(52, 3, NULL, NULL, 16),
(53, 3, NULL, NULL, 40),
(54, 3, NULL, NULL, 2),
(55, 3, NULL, NULL, 25),
(56, 3, NULL, NULL, 3),
(57, 3, NULL, NULL, 29),
(58, 3, NULL, NULL, 4),
(59, 3, NULL, NULL, 26),
(60, 3, NULL, NULL, 24),
(61, 3, NULL, NULL, 8),
(62, 3, NULL, NULL, 23),
(63, 3, NULL, NULL, 15),
(64, 3, NULL, NULL, 10),
(65, 3, NULL, NULL, 0),
(66, 3, NULL, NULL, 5),
(67, 3, NULL, NULL, 6),
(68, 3, NULL, NULL, 18),
(69, 3, NULL, NULL, 7),
(70, 3, NULL, NULL, 19),
(71, 3, NULL, NULL, 11),
(72, 3, NULL, NULL, 21),
(73, 3, NULL, NULL, 20),
(74, 4, NULL, NULL, 30),
(75, 4, NULL, NULL, 16),
(76, 4, NULL, NULL, 26),
(77, 4, NULL, NULL, 5),
(78, 4, NULL, NULL, 2),
(79, 4, NULL, NULL, 23),
(80, 4, NULL, NULL, 24),
(81, 4, NULL, NULL, 4),
(82, 4, NULL, NULL, 11),
(83, 4, NULL, NULL, 19),
(84, 4, NULL, NULL, 13),
(85, 4, NULL, NULL, 17),
(86, 4, NULL, NULL, 7),
(87, 4, NULL, NULL, 29),
(88, 4, NULL, NULL, 8),
(89, 4, NULL, NULL, 25),
(90, 4, NULL, NULL, 21),
(91, 4, NULL, NULL, 10),
(92, 4, NULL, NULL, 6),
(93, 4, NULL, NULL, 18),
(94, 4, NULL, NULL, 28),
(95, 4, NULL, NULL, 0),
(96, 4, NULL, NULL, 27),
(97, 4, NULL, NULL, 20),
(98, 4, NULL, NULL, 9),
(99, 4, NULL, NULL, 14),
(100, 4, NULL, NULL, 22),
(101, 5, NULL, NULL, 1),
(102, 5, NULL, NULL, 16),
(103, 5, NULL, NULL, 0),
(104, 5, NULL, NULL, 29),
(105, 5, NULL, NULL, 2),
(106, 5, NULL, NULL, 6),
(107, 5, NULL, NULL, 4),
(108, 5, NULL, NULL, 28),
(109, 5, NULL, NULL, 26),
(110, 5, NULL, NULL, 5),
(111, 5, NULL, NULL, 17),
(112, 5, NULL, NULL, 21),
(113, 5, NULL, NULL, 0),
(114, 5, NULL, NULL, 14),
(115, 5, NULL, NULL, 10),
(116, 5, NULL, NULL, 20),
(117, 5, NULL, NULL, 18),
(118, 5, NULL, NULL, 24),
(119, 5, NULL, NULL, 8),
(120, 5, NULL, NULL, 12),
(121, 5, NULL, NULL, 1),
(122, 5, NULL, NULL, 11),
(123, 5, NULL, NULL, 7),
(124, 5, NULL, NULL, 0),
(125, 5, NULL, NULL, 9),
(126, 5, NULL, NULL, 22),
(127, 6, NULL, NULL, 16),
(128, 6, NULL, NULL, 30),
(129, 6, NULL, NULL, 1),
(130, 6, NULL, NULL, 3),
(131, 6, NULL, NULL, 31),
(132, 6, NULL, NULL, 4),
(133, 6, NULL, NULL, 5),
(134, 6, NULL, NULL, 8),
(135, 6, NULL, NULL, 26),
(136, 6, NULL, NULL, 2),
(137, 6, NULL, NULL, 22),
(138, 6, NULL, NULL, 0),
(139, 6, NULL, NULL, 8),
(140, 6, NULL, NULL, 12),
(141, 6, NULL, NULL, 0),
(142, 6, NULL, NULL, 14),
(143, 6, NULL, NULL, 25),
(144, 6, NULL, NULL, 6),
(145, 6, NULL, NULL, 11),
(146, 6, NULL, NULL, 1),
(147, 6, NULL, NULL, 19),
(148, 6, NULL, NULL, 9),
(149, 6, NULL, NULL, 20),
(150, 6, NULL, NULL, 10),
(151, 6, NULL, NULL, 32),
(152, 7, NULL, NULL, 1),
(153, 7, NULL, NULL, 16),
(154, 7, NULL, NULL, 0),
(155, 7, NULL, NULL, 41),
(156, 7, NULL, NULL, 2),
(157, 7, NULL, NULL, 23),
(158, 7, NULL, NULL, 14),
(159, 7, NULL, NULL, 6),
(160, 7, NULL, NULL, 25),
(161, 7, NULL, NULL, 4),
(162, 7, NULL, NULL, 3),
(163, 7, NULL, NULL, 29),
(164, 7, NULL, NULL, 20),
(165, 7, NULL, NULL, 19),
(166, 7, NULL, NULL, 17),
(167, 7, NULL, NULL, 26),
(168, 7, NULL, NULL, 22),
(169, 7, NULL, NULL, 24),
(170, 7, NULL, NULL, 5),
(171, 7, NULL, NULL, 47),
(172, 7, NULL, NULL, 8),
(173, 7, NULL, NULL, 42),
(174, 7, NULL, NULL, 12),
(175, 7, NULL, NULL, 0),
(176, 7, NULL, NULL, 18),
(177, 7, NULL, NULL, 10),
(178, 7, NULL, NULL, 11),
(179, 7, NULL, NULL, 9),
(180, 8, NULL, NULL, 16),
(181, 8, NULL, NULL, 1),
(182, 8, NULL, NULL, 5),
(183, 8, NULL, NULL, 0),
(184, 8, NULL, NULL, 6),
(185, 8, NULL, NULL, 32),
(186, 8, NULL, NULL, 13),
(187, 8, NULL, NULL, 3),
(188, 8, NULL, NULL, 0),
(189, 8, NULL, NULL, 0),
(190, 8, NULL, NULL, 0),
(191, 8, NULL, NULL, 24),
(192, 8, NULL, NULL, 23),
(193, 8, NULL, NULL, 7),
(194, 8, NULL, NULL, 20),
(195, 8, NULL, NULL, 8),
(196, 8, NULL, NULL, 33),
(197, 8, NULL, NULL, 4),
(198, 8, NULL, NULL, 14),
(199, 8, NULL, NULL, 9),
(200, 8, NULL, NULL, 19),
(201, 8, NULL, NULL, 18),
(202, 8, NULL, NULL, 1),
(203, 8, NULL, NULL, 10),
(204, 8, NULL, NULL, 17),
(205, 9, NULL, NULL, 1),
(206, 9, NULL, NULL, 16),
(207, 9, NULL, NULL, 30),
(208, 9, NULL, NULL, 12),
(209, 9, NULL, NULL, 23),
(210, 9, NULL, NULL, 4),
(211, 9, NULL, NULL, 14),
(212, 9, NULL, NULL, 13),
(213, 9, NULL, NULL, 11),
(214, 9, NULL, NULL, 32),
(215, 9, NULL, NULL, 10),
(216, 9, NULL, NULL, 17),
(217, 9, NULL, NULL, 8),
(218, 9, NULL, NULL, 20),
(219, 9, NULL, NULL, 21),
(220, 9, NULL, NULL, 26),
(221, 9, NULL, NULL, 18),
(222, 9, NULL, NULL, 19),
(223, 9, NULL, NULL, 7),
(224, 9, NULL, NULL, 5),
(225, 9, NULL, NULL, 6),
(226, 9, NULL, NULL, 27),
(227, 9, NULL, NULL, 24),
(228, 10, NULL, NULL, 30),
(229, 10, NULL, NULL, 16),
(230, 10, NULL, NULL, 1),
(231, 10, NULL, NULL, 31),
(232, 10, NULL, NULL, 3),
(233, 10, NULL, NULL, 5),
(234, 10, NULL, NULL, 26),
(235, 10, NULL, NULL, 21),
(236, 10, NULL, NULL, 17),
(237, 10, NULL, NULL, 15),
(238, 10, NULL, NULL, 4),
(239, 10, NULL, NULL, 27),
(240, 10, NULL, NULL, 14),
(241, 10, NULL, NULL, 18),
(242, 10, NULL, NULL, 22),
(243, 10, NULL, NULL, 8),
(244, 10, NULL, NULL, 10),
(245, 10, NULL, NULL, 6),
(246, 10, NULL, NULL, 12),
(247, 10, NULL, NULL, 28),
(248, 10, NULL, NULL, 0),
(249, 10, NULL, NULL, 20),
(250, 10, NULL, NULL, 0),
(251, 10, NULL, NULL, 34),
(252, 10, NULL, NULL, 0),
(253, 10, NULL, NULL, 23),
(254, 10, NULL, NULL, 11),
(255, 10, NULL, NULL, 7),
(256, 10, NULL, NULL, 0),
(257, 10, NULL, NULL, 25),
(258, 10, NULL, NULL, 9),
(259, 10, NULL, NULL, 0),
(260, 11, NULL, NULL, 16),
(261, 11, NULL, NULL, 40),
(262, 11, NULL, NULL, 1),
(263, 11, NULL, NULL, 30),
(264, 11, NULL, NULL, 12),
(265, 11, NULL, NULL, 32),
(266, 11, NULL, NULL, 2),
(267, 11, NULL, NULL, 25),
(268, 11, NULL, NULL, 39),
(269, 11, NULL, NULL, 5),
(270, 11, NULL, NULL, 3),
(271, 11, NULL, NULL, 27),
(272, 11, NULL, NULL, 0),
(273, 11, NULL, NULL, 18),
(274, 11, NULL, NULL, 6),
(275, 11, NULL, NULL, 26),
(276, 11, NULL, NULL, 31),
(277, 11, NULL, NULL, 4),
(278, 11, NULL, NULL, 17),
(279, 11, NULL, NULL, 8),
(280, 11, NULL, NULL, 22),
(281, 11, NULL, NULL, 14),
(282, 11, NULL, NULL, 9),
(283, 11, NULL, NULL, 13),
(284, 11, NULL, NULL, 10),
(285, 11, NULL, NULL, 11),
(286, 11, NULL, NULL, 7),
(287, 11, NULL, NULL, 19),
(288, 11, NULL, NULL, 20),
(289, 12, NULL, NULL, 1),
(290, 12, NULL, NULL, 16),
(291, 12, NULL, NULL, 24),
(292, 12, NULL, NULL, 17),
(293, 12, NULL, NULL, 20),
(294, 12, NULL, NULL, 21),
(295, 12, NULL, NULL, 5),
(296, 12, NULL, NULL, 22),
(297, 12, NULL, NULL, 12),
(298, 12, NULL, NULL, 18),
(299, 12, NULL, NULL, 11),
(300, 12, NULL, NULL, 7),
(301, 12, NULL, NULL, 8),
(302, 12, NULL, NULL, 6),
(303, 12, NULL, NULL, 25),
(304, 12, NULL, NULL, 13),
(305, 12, NULL, NULL, 27),
(306, 12, NULL, NULL, 28),
(307, 12, NULL, NULL, 19),
(308, 12, NULL, NULL, 23),
(309, 12, NULL, NULL, 14),
(310, 12, NULL, NULL, 10),
(311, 12, NULL, NULL, 9),
(312, 12, NULL, NULL, 15),
(313, 12, NULL, NULL, 0),
(314, 13, NULL, NULL, 40),
(315, 13, NULL, NULL, 30),
(316, 13, NULL, NULL, 16),
(317, 13, NULL, NULL, 20),
(318, 13, NULL, NULL, 15),
(319, 13, NULL, NULL, 0),
(320, 13, NULL, NULL, 12),
(321, 13, NULL, NULL, 4),
(322, 13, NULL, NULL, 29),
(323, 13, NULL, NULL, 3),
(324, 13, NULL, NULL, 2),
(325, 13, NULL, NULL, 24),
(326, 13, NULL, NULL, 23),
(327, 13, NULL, NULL, 21),
(328, 13, NULL, NULL, 1),
(329, 13, NULL, NULL, 25),
(330, 13, NULL, NULL, 8),
(331, 13, NULL, NULL, 22),
(332, 13, NULL, NULL, 0),
(333, 13, NULL, NULL, 10),
(334, 13, NULL, NULL, 5),
(335, 13, NULL, NULL, 19),
(336, 13, NULL, NULL, 6),
(337, 13, NULL, NULL, 0),
(338, 13, NULL, NULL, 9),
(339, 13, NULL, NULL, 0),
(340, 13, NULL, NULL, 14),
(341, 13, NULL, NULL, 0),
(342, 13, NULL, NULL, 7),
(343, 13, NULL, NULL, 11),
(344, 14, NULL, NULL, 1),
(345, 14, NULL, NULL, 30),
(346, 14, NULL, NULL, 3),
(347, 14, NULL, NULL, 5),
(348, 14, NULL, NULL, 14),
(349, 14, NULL, NULL, 28),
(350, 14, NULL, NULL, 6),
(351, 14, NULL, NULL, 20),
(352, 14, NULL, NULL, 4),
(353, 14, NULL, NULL, 23),
(354, 14, NULL, NULL, 2),
(355, 14, NULL, NULL, 8),
(356, 14, NULL, NULL, 25),
(357, 14, NULL, NULL, 18),
(358, 14, NULL, NULL, 22),
(359, 14, NULL, NULL, 12),
(360, 14, NULL, NULL, 17),
(361, 14, NULL, NULL, 29),
(362, 14, NULL, NULL, 27),
(363, 14, NULL, NULL, 9),
(364, 14, NULL, NULL, 11),
(365, 14, NULL, NULL, 7),
(366, 14, NULL, NULL, 10),
(367, 15, NULL, NULL, 16),
(368, 15, NULL, NULL, 1),
(369, 15, NULL, NULL, 14),
(370, 15, NULL, NULL, 24),
(371, 15, NULL, NULL, 3),
(372, 15, NULL, NULL, 27),
(373, 15, NULL, NULL, 12),
(374, 15, NULL, NULL, 0),
(375, 15, NULL, NULL, 2),
(376, 15, NULL, NULL, 13),
(377, 15, NULL, NULL, 25),
(378, 15, NULL, NULL, 1),
(379, 15, NULL, NULL, 17),
(380, 15, NULL, NULL, 0),
(381, 15, NULL, NULL, 28),
(382, 15, NULL, NULL, 7),
(383, 15, NULL, NULL, 5),
(384, 15, NULL, NULL, 21),
(385, 15, NULL, NULL, 6),
(386, 15, NULL, NULL, 0),
(387, 15, NULL, NULL, 0),
(388, 15, NULL, NULL, 8),
(389, 15, NULL, NULL, 19),
(390, 15, NULL, NULL, 29),
(391, 15, NULL, NULL, 9),
(392, 15, NULL, NULL, 10),
(393, 15, NULL, NULL, 0),
(394, 15, NULL, NULL, 15),
(395, 15, NULL, NULL, 0),
(396, 15, NULL, NULL, 20),
(397, 15, NULL, NULL, 11),
(398, 15, NULL, NULL, 2),
(399, 16, NULL, NULL, 30),
(400, 16, NULL, NULL, 16),
(401, 16, NULL, NULL, 0),
(402, 16, NULL, NULL, 1),
(403, 16, NULL, NULL, 3),
(404, 16, NULL, NULL, 19),
(405, 16, NULL, NULL, 23),
(406, 16, NULL, NULL, 24),
(407, 16, NULL, NULL, 5),
(408, 16, NULL, NULL, 27),
(409, 16, NULL, NULL, 13),
(410, 16, NULL, NULL, 3),
(411, 16, NULL, NULL, 2),
(412, 16, NULL, NULL, 0),
(413, 16, NULL, NULL, 17),
(414, 16, NULL, NULL, 10),
(415, 16, NULL, NULL, 22),
(416, 16, NULL, NULL, 6),
(417, 16, NULL, NULL, 0),
(418, 16, NULL, NULL, 11),
(419, 16, NULL, NULL, 14),
(420, 16, NULL, NULL, 18),
(421, 16, NULL, NULL, 26),
(422, 16, NULL, NULL, 7),
(423, 16, NULL, NULL, 25),
(424, 16, NULL, NULL, 0),
(425, 16, NULL, NULL, 29),
(426, 16, NULL, NULL, 12),
(427, 16, NULL, NULL, 20),
(428, 17, NULL, NULL, 1),
(429, 17, NULL, NULL, 16),
(430, 17, NULL, NULL, 0),
(431, 17, NULL, NULL, 21),
(432, 17, NULL, NULL, 28),
(433, 17, NULL, NULL, 18),
(434, 17, NULL, NULL, 0),
(435, 17, NULL, NULL, 13),
(436, 17, NULL, NULL, 3),
(437, 17, NULL, NULL, 5),
(438, 17, NULL, NULL, 27),
(439, 17, NULL, NULL, 24),
(440, 17, NULL, NULL, 6),
(441, 17, NULL, NULL, 10),
(442, 17, NULL, NULL, 0),
(443, 17, NULL, NULL, 19),
(444, 17, NULL, NULL, 0),
(445, 17, NULL, NULL, 4),
(446, 17, NULL, NULL, 25),
(447, 17, NULL, NULL, 9),
(448, 17, NULL, NULL, 20),
(449, 17, NULL, NULL, 11),
(450, 17, NULL, NULL, 7),
(451, 17, NULL, NULL, 0),
(452, 17, NULL, NULL, 26),
(453, 18, NULL, NULL, 16),
(454, 18, NULL, NULL, 0),
(455, 18, NULL, NULL, 4),
(456, 18, NULL, NULL, 2),
(457, 18, NULL, NULL, 26),
(458, 18, NULL, NULL, 5),
(459, 18, NULL, NULL, 25),
(460, 18, NULL, NULL, 24),
(461, 18, NULL, NULL, 27),
(462, 18, NULL, NULL, 4),
(463, 18, NULL, NULL, 20),
(464, 18, NULL, NULL, 15),
(465, 18, NULL, NULL, 14),
(466, 18, NULL, NULL, 22),
(467, 18, NULL, NULL, 10),
(468, 18, NULL, NULL, 7),
(469, 18, NULL, NULL, 17),
(470, 18, NULL, NULL, 21),
(471, 18, NULL, NULL, 9),
(472, 18, NULL, NULL, 0),
(473, 18, NULL, NULL, 11),
(474, 19, NULL, NULL, 1),
(475, 19, NULL, NULL, 30),
(476, 19, NULL, NULL, 2),
(477, 19, NULL, NULL, 19),
(478, 19, NULL, NULL, 13),
(479, 19, NULL, NULL, 15),
(480, 19, NULL, NULL, 5),
(481, 19, NULL, NULL, 18),
(482, 19, NULL, NULL, 3),
(483, 19, NULL, NULL, 12),
(484, 19, NULL, NULL, 14),
(485, 19, NULL, NULL, 2),
(486, 19, NULL, NULL, 27),
(487, 19, NULL, NULL, 6),
(488, 19, NULL, NULL, 21),
(489, 19, NULL, NULL, 11),
(490, 19, NULL, NULL, 7),
(491, 19, NULL, NULL, 8),
(492, 19, NULL, NULL, 20),
(493, 19, NULL, NULL, 10),
(494, 19, NULL, NULL, 9),
(495, 19, NULL, NULL, 25),
(496, 19, NULL, NULL, 0),
(497, 20, NULL, NULL, 30),
(498, 20, NULL, NULL, 4),
(499, 20, NULL, NULL, 29),
(500, 20, NULL, NULL, 23),
(501, 20, NULL, NULL, 19),
(502, 20, NULL, NULL, 5),
(503, 20, NULL, NULL, 4),
(504, 20, NULL, NULL, 26),
(505, 20, NULL, NULL, 15),
(506, 20, NULL, NULL, 0),
(507, 20, NULL, NULL, 8),
(508, 20, NULL, NULL, 10),
(509, 20, NULL, NULL, 12),
(510, 20, NULL, NULL, 7),
(511, 20, NULL, NULL, 6),
(512, 20, NULL, NULL, 0),
(513, 20, NULL, NULL, 18),
(514, 20, NULL, NULL, 27),
(515, 20, NULL, NULL, 9),
(516, 20, NULL, NULL, 17),
(517, 20, NULL, NULL, 20),
(518, 20, NULL, NULL, 11);

-- --------------------------------------------------------

--
-- Structure de la table `seasons`
--

CREATE TABLE `seasons` (
  `id` int(11) NOT NULL,
  `year` varchar(45) COLLATE utf8_unicode_ci NOT NULL
) ENGINE=InnoDB DEFAULT CHARSET=utf8 COLLATE=utf8_unicode_ci;

-- --------------------------------------------------------

--
-- Structure de la table `seasons_has_teams`
--

CREATE TABLE `seasons_has_teams` (
  `id_season` int(11) NOT NULL,
  `id_team` int(11) NOT NULL
) ENGINE=InnoDB DEFAULT CHARSET=utf8 COLLATE=utf8_unicode_ci;

-- --------------------------------------------------------

--
-- Structure de la table `stadiums`
--

CREATE TABLE `stadiums` (
  `id` int(11) NOT NULL,
  `name` varchar(100) COLLATE utf8_unicode_ci NOT NULL,
  `adress` tinytext COLLATE utf8_unicode_ci,
  `tel` varchar(45) COLLATE utf8_unicode_ci DEFAULT NULL,
  `capacity` int(11) DEFAULT NULL
) ENGINE=InnoDB DEFAULT CHARSET=utf8 COLLATE=utf8_unicode_ci;

--
-- Contenu de la table `stadiums`
--

INSERT INTO `stadiums` (`id`, `name`, `adress`, `tel`, `capacity`) VALUES
(1, 'Parc des Princes', '24, rue du Commandant-Guilbaud75016 Paris', '01.47.43.71.71', 48583),
(2, 'Orange Vélodrome', '3, bd Michelet 13008 Marseille', '04 91 76 56 09', 67394),
(3, 'Raymond-Kopa', '11 boulevard Pierre-de-Coubertin49000 Angers', '02 41 47 46 90', 18752),
(4, 'Geoffroy-Guichard', '14, Rue Paul-et-Pierre-Guichard -42028 Saint-Etienne Cedex 01', '04 77 92 31 70', 41138),
(5, 'Pierre-Mauroy', '261, Boulevard de Tournai            59 650 Villeneuve d\'Ascq', '08 20 25 26 27', 50083),
(6, 'La Mosson', 'La MossonAvenue Heidelberg BP 726734085 Montpellier Cedex 4', '04 67 15 46 00', 32900),
(7, 'Matmut Atlantique', 'Cours Jules-Ladoumègue33070 Bordeaux', '05.56.17.58.00', 42150),
(8, 'Auguste-Delaune', '33, chaussée Bocquaine51100 Reims', '0 891 024 933', 21684),
(9, 'La Beaujoire', '5, boulevard de La Beaujoire44300 Nantes', '08.92.70.79.37', 37473),
(10, 'Roazhon Park', '111, route de Lorient35000 Rennes', '08 20 00 00 35', 29778),
(11, 'Louis II', '3 avenue des Castelans98000 Monaco', '00 377 92 05 40 19', 18523),
(12, 'Francis-Le Blé', '26 route de Quimper29200 Brest', '02 98 02 20 30', 15305),
(13, 'Allianz Riviera', 'Boulevard des Jardiniers06200 Nice', '04 97 71 93 52', 35624),
(14, 'Groupama Stadium', '10 Avenue Simone Veil69150 Décines-Charpieu', '08.92.69.69.69', 59186),
(15, 'Crédit Agricole de La Licorne', '25 rue du ChapitreBP 1603580016 Amiens Cedex 1', '03 22 66 58 00', 12097),
(16, 'La Meinau', 'Stade de la Meinau12 rue de l\'Extenwoerth67100 Strasbourg', '03 88 44 55 00', 27500),
(17, 'Saint-Symphorien', '3 Boulevard Saint-Symphorien57050 Longeville-les-Metz', '03 87 66 72 15', 25636),
(18, 'Gaston-Gérard', 'Boulevard Trimolet, 21000 Dijon', '03 80 65 09 65', 15459),
(19, 'Stadium Municipal', '1, allée Gabriel BiénèsBP 5402331028 Toulouse Cedex 4', '08 92 70 40 00', 33300),
(20, 'Les Costières', 'Stade des Costières123, avenue de la BouvineBP 4001430023 Nîmes Cedex 1', '04 66 76 85 50', 18482);

-- --------------------------------------------------------

--
-- Structure de la table `teams`
--

CREATE TABLE `teams` (
  `id` int(11) NOT NULL,
  `name` varchar(100) COLLATE utf8_unicode_ci NOT NULL,
  `short_name` varchar(50) COLLATE utf8_unicode_ci DEFAULT NULL,
  `fundation_date` date DEFAULT NULL,
  `president` varchar(100) COLLATE utf8_unicode_ci DEFAULT NULL,
  `adress` tinytext COLLATE utf8_unicode_ci,
  `website` varchar(255) COLLATE utf8_unicode_ci DEFAULT NULL,
  `id_stadium` int(11) NOT NULL
) ENGINE=InnoDB DEFAULT CHARSET=utf8 COLLATE=utf8_unicode_ci;

--
-- Contenu de la table `teams`
--

INSERT INTO `teams` (`id`, `name`, `short_name`, `fundation_date`, `president`, `adress`, `website`, `id_stadium`) VALUES
(1, 'Paris-Saint-Germain Football Club', 'PARIS-SG (PSG)', '1970-01-01', 'Nasser Al-Khelaifi', '24, rue du Commandant Guilbaud75016 Paris Cedex 16', 'www.psg.fr', 1),
(2, 'Olympique de Marseille', 'MARSEILLE (OM)', '1899-01-01', 'Jacques-Henri Eyraud', 'La Commanderie33, traverse de la Martine - BP 108 13425 MARSEILLE Cedex', 'www.om.net/', 2),
(3, 'Angers Sporting Club de l\'Ouest', 'ANGERS', '1919-01-01', 'Saïd Chabane', '58 promenade de la BaumetteBP 2021249002 Angers Cedex', 'www.angers-sco.fr', 3),
(4, 'Association Sportive de St-Etienne', 'SAINT-ETIENNE (ASSE)', '1919-01-01', 'B. Caïazzo & R. Romeyer', NULL, 'www.asse.fr', 4),
(5, 'LOSC Lille', 'LILLE (LOSC)', '1944-01-01', 'Gérard Lopez', 'Domaine de LuchinGrand Rue - BP 7959780 Camphin-en-Pevèle', 'www.losc.fr', 5),
(6, 'Montpellier-Herault Sport Club', 'MONTPELLIER', '1974-01-01', 'Laurent Nicollin', 'Avenue Albert EinsteinDomaine de Grammont34967 Montpellier', 'www.mhscfoot.com', 6),
(7, 'Football Club des Girondins de Bordeaux', 'BORDEAUX', '1881-01-01', 'Frédéric Longuepee', 'Rue Joliot Curie33187 Le Haillan Cedex', 'www.girondins.com', 7),
(8, 'Stade de Reims', 'REIMS', '1931-01-01', 'Jean-Pierre Caillot', 'Centre de Vie Louis Blériot53 route de la Neuvillette51450 Bétheny', 'stade-de-reims.com', 8),
(9, 'Football Club de Nantes', 'NANTES (FCN)', '1943-01-01', 'Waldemar Kita', 'Centre sportif José Arribas, La Jonelière44240 La Chapelle-sur-Erdre', 'www.fcnantes.com', 9),
(10, 'Stade Rennais Football Club', 'RENNES', '1901-01-01', 'Olivier Lètang', 'La Piverdière CS 53909 35039 Rennes Cedex', 'www.staderennais.com', 10),
(11, 'Association sportive de Monaco FC', 'MONACO (ASM)', '1919-01-01', 'Dmitri Rybolovlev', '7 avenue des CastelansBP 69898014 Monaco', 'www.asmonaco.com/fr/', 11),
(12, 'Stade Brestois 29', 'BREST', '1950-01-01', 'Denis Le Saint', 'Centre de l\'Armoricaine6, chemin de Pen Helen29200 Brest', 'www.SB29.com', 12),
(13, 'Olympique Gymnaste Club Nice Côte d\'Azur', 'NICE', '1904-01-01', 'Jean-Pierre Rivière', '19, boulevard Jean Luciano06201 Nice', 'www.ogcnice.com', 13),
(14, 'Olympique Lyonnais', 'LYON (OL)', '1950-01-01', 'Jean-Michel Aulas', '10 Avenue Simone VeilCS 7071269150 Décines-Charpieu', 'www.olweb.fr', 14),
(15, 'Amiens Sporting Club Football', 'AMIENS', '1901-01-01', 'Bernard Joannin', '25 rue du ChapitreBP 1603580016 Amiens Cedex 1', 'Crédit Agricole de La Licorne', 15),
(16, 'Racing Club de Strasbourg Alsace', 'STRASBOURG', '1906-01-01', 'Marc Keller', 'Stade de la Meinau12 rue de l\'Extenwoerth67100 Strasbourg', 'www.rcstrasbourgalsace.fr', 16),
(17, 'Football Club de Metz', 'METZ', '1932-01-01', 'Bernard Serin', '3, allée Saint SymphorienBP 4029257006 Metz Cedex 01', 'www.fcmetz.com', 17),
(18, 'Dijon Football Côte-d\'Or', 'DIJON', '1998-01-01', 'Olivier Delcourt', 'Boulevard Trimolet, 21000 Dijon', 'Gaston-Gérard', 18),
(19, 'Toulouse Football Club', 'TOULOUSE (TFC)', '1937-01-01', 'Olivier Sadran', '1, allée Gabriel BiénèsBP 5402331028 Toulouse Cedex 4', 'www.tfc.info', 19),
(20, 'Nîmes Olympique', 'NIMES', '1937-01-01', 'Rani Assaf', 'Stade des Costières123, avenue de la BouvineBP 4001430023 Nîmes Cedex 1', 'www.nimes-olympique.com/', 20);

--
-- Index pour les tables exportées
--

--
-- Index pour la table `coachs`
--
ALTER TABLE `coachs`
  ADD PRIMARY KEY (`id`);

--
-- Index pour la table `coachs_has_teams`
--
ALTER TABLE `coachs_has_teams`
  ADD PRIMARY KEY (`id_coach`,`id_team`),
  ADD KEY `fk_coachs_has_teams_teams1_idx` (`id_team`),
  ADD KEY `fk_coachs_has_teams_coachs1_idx` (`id_coach`);

--
-- Index pour la table `matchs`
--
ALTER TABLE `matchs`
  ADD PRIMARY KEY (`id`,`id_team_home`,`id_team_away`,`id_stadium`,`id_season`),
  ADD KEY `fk_matchs_teams1_idx` (`id_team_home`),
  ADD KEY `fk_matchs_teams2_idx` (`id_team_away`),
  ADD KEY `fk_matchs_stadiums1_idx` (`id_stadium`),
  ADD KEY `fk_matchs_seasons1_idx` (`id_season`);

--
-- Index pour la table `players`
--
ALTER TABLE `players`
  ADD PRIMARY KEY (`id`);

--
-- Index pour la table `players_has_teams`
--
ALTER TABLE `players_has_teams`
  ADD PRIMARY KEY (`id_player`,`id_team`),
  ADD UNIQUE KEY `id_player` (`id_player`,`id_team`,`number`),
  ADD KEY `fk_players_has_teams_teams1_idx` (`id_team`),
  ADD KEY `fk_players_has_teams_players_idx` (`id_player`);

--
-- Index pour la table `seasons`
--
ALTER TABLE `seasons`
  ADD PRIMARY KEY (`id`);

--
-- Index pour la table `seasons_has_teams`
--
ALTER TABLE `seasons_has_teams`
  ADD PRIMARY KEY (`id_season`,`id_team`),
  ADD KEY `fk_seasons_has_teams_teams1_idx` (`id_team`),
  ADD KEY `fk_seasons_has_teams_seasons1_idx` (`id_season`);

--
-- Index pour la table `stadiums`
--
ALTER TABLE `stadiums`
  ADD PRIMARY KEY (`id`);

--
-- Index pour la table `teams`
--
ALTER TABLE `teams`
  ADD PRIMARY KEY (`id`,`id_stadium`),
  ADD KEY `fk_teams_stadiums1_idx` (`id_stadium`);

--
-- AUTO_INCREMENT pour les tables exportées
--

--
-- AUTO_INCREMENT pour la table `coachs`
--
ALTER TABLE `coachs`
  MODIFY `id` int(11) NOT NULL AUTO_INCREMENT, AUTO_INCREMENT=21;
--
-- AUTO_INCREMENT pour la table `matchs`
--
ALTER TABLE `matchs`
  MODIFY `id` int(11) NOT NULL AUTO_INCREMENT;
--
-- AUTO_INCREMENT pour la table `players`
--
ALTER TABLE `players`
  MODIFY `id` int(11) NOT NULL AUTO_INCREMENT, AUTO_INCREMENT=519;
--
-- AUTO_INCREMENT pour la table `seasons`
--
ALTER TABLE `seasons`
  MODIFY `id` int(11) NOT NULL AUTO_INCREMENT;
--
-- AUTO_INCREMENT pour la table `stadiums`
--
ALTER TABLE `stadiums`
  MODIFY `id` int(11) NOT NULL AUTO_INCREMENT, AUTO_INCREMENT=21;
--
-- AUTO_INCREMENT pour la table `teams`
--
ALTER TABLE `teams`
  MODIFY `id` int(11) NOT NULL AUTO_INCREMENT, AUTO_INCREMENT=21;
--
-- Contraintes pour les tables exportées
--

--
-- Contraintes pour la table `coachs_has_teams`
--
ALTER TABLE `coachs_has_teams`
  ADD CONSTRAINT `fk_coachs_has_teams_coachs1` FOREIGN KEY (`id_coach`) REFERENCES `coachs` (`id`) ON DELETE NO ACTION ON UPDATE NO ACTION,
  ADD CONSTRAINT `fk_coachs_has_teams_teams1` FOREIGN KEY (`id_team`) REFERENCES `teams` (`id`) ON DELETE NO ACTION ON UPDATE NO ACTION;

--
-- Contraintes pour la table `matchs`
--
ALTER TABLE `matchs`
  ADD CONSTRAINT `fk_matchs_seasons1` FOREIGN KEY (`id_season`) REFERENCES `seasons` (`id`) ON DELETE NO ACTION ON UPDATE NO ACTION,
  ADD CONSTRAINT `fk_matchs_stadiums1` FOREIGN KEY (`id_stadium`) REFERENCES `stadiums` (`id`) ON DELETE NO ACTION ON UPDATE NO ACTION,
  ADD CONSTRAINT `fk_matchs_teams1` FOREIGN KEY (`id_team_home`) REFERENCES `teams` (`id`) ON DELETE NO ACTION ON UPDATE NO ACTION,
  ADD CONSTRAINT `fk_matchs_teams2` FOREIGN KEY (`id_team_away`) REFERENCES `teams` (`id`) ON DELETE NO ACTION ON UPDATE NO ACTION;

--
-- Contraintes pour la table `players_has_teams`
--
ALTER TABLE `players_has_teams`
  ADD CONSTRAINT `fk_players_has_teams_players` FOREIGN KEY (`id_player`) REFERENCES `players` (`id`) ON DELETE NO ACTION ON UPDATE NO ACTION,
  ADD CONSTRAINT `fk_players_has_teams_teams1` FOREIGN KEY (`id_team`) REFERENCES `teams` (`id`) ON DELETE NO ACTION ON UPDATE NO ACTION;

--
-- Contraintes pour la table `seasons_has_teams`
--
ALTER TABLE `seasons_has_teams`
  ADD CONSTRAINT `fk_seasons_has_teams_seasons1` FOREIGN KEY (`id_season`) REFERENCES `seasons` (`id`) ON DELETE NO ACTION ON UPDATE NO ACTION,
  ADD CONSTRAINT `fk_seasons_has_teams_teams1` FOREIGN KEY (`id_team`) REFERENCES `teams` (`id`) ON DELETE NO ACTION ON UPDATE NO ACTION;

--
-- Contraintes pour la table `teams`
--
ALTER TABLE `teams`
  ADD CONSTRAINT `fk_teams_stadiums1` FOREIGN KEY (`id_stadium`) REFERENCES `stadiums` (`id`) ON DELETE NO ACTION ON UPDATE NO ACTION;

/*!40101 SET CHARACTER_SET_CLIENT=@OLD_CHARACTER_SET_CLIENT */;
/*!40101 SET CHARACTER_SET_RESULTS=@OLD_CHARACTER_SET_RESULTS */;
/*!40101 SET COLLATION_CONNECTION=@OLD_COLLATION_CONNECTION */;
